{"stats":{"minecraft:dropped":{"minecraft:feather":6,"minecraft:flint":1,"minecraft:raw_copper":10,"minecraft:egg":1},"minecraft:picked_up":{"minecraft:crafting_table":11,"minecraft:chicken":6,"minecraft:clay_ball":32,"minecraft:raw_copper":21,"minecraft:moss_carpet":1,"minecraft:cobbled_deepslate":817,"minecraft:spruce_planks":24,"minecraft:beef":6,"minecraft:poppy":3,"minecraft:birch_sapling":1,"minecraft:egg":2,"minecraft:furnace":11,"minecraft:raw_iron":181,"minecraft:torch":49,"minecraft:porkchop":21,"minecraft:diorite":27,"minecraft:redstone":17,"minecraft:rotten_flesh":3,"minecraft:mutton":19,"minecraft:white_wool":10,"minecraft:cobblestone":389,"minecraft:birch_log":20,"minecraft:feather":12,"minecraft:cooked_beef":3,"minecraft:andesite":40,"minecraft:leather":2,"minecraft:brown_wool":1,"minecraft:birch_planks":21,"minecraft:flint":2,"minecraft:tuff":97,"minecraft:oak_log":73,"minecraft:lapis_lazuli":12,"minecraft:dirt":44,"minecraft:raw_gold":8,"minecraft:iron_ingot":21,"minecraft:moss_block":4,"minecraft:cooked_porkchop":9,"minecraft:sweet_berries":17,"minecraft:sand":3,"minecraft:raw_iron_block":1,"minecraft:gravel":9,"minecraft:spruce_sapling":1,"minecraft:white_bed":1,"minecraft:spruce_log":59,"minecraft:mossy_cobblestone":4,"minecraft:diamond":9,"minecraft:granite":22,"minecraft:gray_wool":1,"minecraft:oak_sapling":4,"minecraft:black_wool":1,"minecraft:coal":113},"minecraft:mined":{"minecraft:tuff":97,"minecraft:white_bed":1,"minecraft:mossy_cobblestone":4,"minecraft:deepslate_diamond_ore":9,"minecraft:granite":22,"minecraft:grass_block":23,"minecraft:spruce_leaves":10,"minecraft:moss_block":4,"minecraft:raw_iron_block":1,"minecraft:furnace":11,"minecraft:iron_ore":65,"minecraft:cobbled_deepslate":2,"minecraft:andesite":40,"minecraft:deepslate_lapis_ore":2,"minecraft:deepslate_iron_ore":78,"minecraft:stone":378,"minecraft:podzol":3,"minecraft:deepslate_redstone_ore":4,"minecraft:crafting_table":10,"minecraft:clay":11,"minecraft:torch":19,"minecraft:poppy":3,"minecraft:tall_grass":6,"minecraft:copper_ore":3,"minecraft:cobblestone":14,"minecraft:deepslate_gold_ore":8,"minecraft:diorite":27,"minecraft:wall_torch":26,"minecraft:sweet_berry_bush":10,"minecraft:birch_log":22,"minecraft:spruce_log":61,"minecraft:birch_leaves":4,"minecraft:grass":12,"minecraft:oak_log":75,"minecraft:coal_ore":75,"minecraft:gravel":9,"minecraft:dirt":17,"minecraft:oak_leaves":24,"minecraft:deepslate":817,"minecraft:fern":2},"minecraft:killed_by":{"minecraft:skeleton":1,"minecraft:zombie":2},"minecraft:killed":{"minecraft:chicken":6,"minecraft:pig":11,"minecraft:sheep":12,"minecraft:zombie":3,"minecraft:cow":2},"minecraft:custom":{"minecraft:mob_kills":36,"minecraft:interact_with_crafting_table":48,"minecraft:leave_game":10,"minecraft:time_since_death":71609,"minecraft:climb_one_cm":3100,"minecraft:sprint_one_cm":164906,"minecraft:walk_one_cm":364506,"minecraft:drop":6,"minecraft:play_time":167112,"minecraft:deaths":4,"minecraft:sneak_time":291,"minecraft:walk_under_water_one_cm":29401,"minecraft:jump":1786,"minecraft:walk_on_water_one_cm":24152,"minecraft:total_world_time":167112,"minecraft:interact_with_furnace":59,"minecraft:time_since_rest":71643,"minecraft:damage_taken":2105,"minecraft:damage_dealt":3193,"minecraft:swim_one_cm":34869,"minecraft:fly_one_cm":34902,"minecraft:open_chest":3,"minecraft:crouch_one_cm":276,"minecraft:fall_one_cm":31841},"minecraft:used":{"minecraft:moss_block":2,"minecraft:iron_shovel":17,"minecraft:spruce_planks":12,"minecraft:chest":1,"minecraft:cooked_chicken":4,"minecraft:rotten_flesh":3,"minecraft:iron_chestplate":1,"minecraft:torch":139,"minecraft:dirt":8,"minecraft:tuff":11,"minecraft:granite":8,"minecraft:wooden_axe":35,"minecraft:iron_axe":158,"minecraft:iron_boots":1,"minecraft:sweet_berries":11,"minecraft:furnace":13,"minecraft:cobbled_deepslate":94,"minecraft:iron_leggings":2,"minecraft:cooked_mutton":4,"minecraft:diorite":1,"minecraft:stone_pickaxe":375,"minecraft:wooden_pickaxe":41,"minecraft:white_wool":2,"minecraft:mossy_cobblestone":4,"minecraft:crafting_table":17,"minecraft:white_bed":2,"minecraft:spruce_log":2,"minecraft:oak_log":5,"minecraft:diamond_pickaxe":648,"minecraft:brown_wool":1,"minecraft:iron_pickaxe":653,"minecraft:spruce_sapling":1,"minecraft:stone_axe":55,"minecraft:cobblestone":136,"minecraft:cooked_porkchop":5,"minecraft:andesite":15},"minecraft:broken":{"minecraft:stone_pickaxe":2,"minecraft:iron_pickaxe":1},"minecraft:crafted":{"minecraft:oak_planks":272,"minecraft:raw_iron":9,"minecraft:cooked_chicken":4,"minecraft:furnace":8,"minecraft:cooked_mutton":7,"minecraft:iron_boots":2,"minecraft:iron_axe":2,"minecraft:stone_pickaxe":4,"minecraft:chest":1,"minecraft:cooked_beef":3,"minecraft:cooked_porkchop":5,"minecraft:crafting_table":7,"minecraft:spruce_planks":132,"minecraft:wooden_pickaxe":5,"minecraft:iron_helmet":2,"minecraft:bucket":1,"minecraft:birch_planks":36,"minecraft:stone_axe":2,"minecraft:air":0,"minecraft:iron_chestplate":2,"minecraft:diamond_pickaxe":2,"minecraft:charcoal":4,"minecraft:shield":1,"minecraft:stick":84,"minecraft:iron_ingot":76,"minecraft:iron_pickaxe":3,"minecraft:wooden_axe":2,"minecraft:iron_shovel":1,"minecraft:iron_leggings":2,"minecraft:white_bed":1,"minecraft:torch":116,"minecraft:shears":1}},"DataVersion":3465}