{"stats":{"minecraft:picked_up":{"minecraft:birch_log":20,"minecraft:crafting_table":6,"minecraft:feather":3,"minecraft:chicken":3,"minecraft:clay_ball":8,"minecraft:andesite":9,"minecraft:brown_wool":1,"minecraft:birch_planks":21,"minecraft:dirt":22,"minecraft:lapis_lazuli":12,"minecraft:moss_carpet":1,"minecraft:cobbled_deepslate":171,"minecraft:spruce_planks":24,"minecraft:poppy":3,"minecraft:moss_block":3,"minecraft:birch_sapling":1,"minecraft:furnace":3,"minecraft:raw_iron":42,"minecraft:cooked_porkchop":2,"minecraft:sweet_berries":12,"minecraft:torch":20,"minecraft:gravel":1,"minecraft:porkchop":7,"minecraft:spruce_sapling":1,"minecraft:diorite":27,"minecraft:spruce_log":42,"minecraft:rotten_flesh":1,"minecraft:diamond":6,"minecraft:black_wool":1,"minecraft:mutton":6,"minecraft:coal":7,"minecraft:white_wool":2,"minecraft:cobblestone":193},"minecraft:mined":{"minecraft:podzol":1,"minecraft:deepslate_diamond_ore":6,"minecraft:clay":2,"minecraft:crafting_table":5,"minecraft:torch":9,"minecraft:grass_block":5,"minecraft:poppy":3,"minecraft:cobblestone":5,"minecraft:spruce_leaves":8,"minecraft:moss_block":3,"minecraft:diorite":27,"minecraft:wall_torch":12,"minecraft:furnace":3,"minecraft:sweet_berry_bush":8,"minecraft:birch_log":22,"minecraft:iron_ore":42,"minecraft:cobbled_deepslate":2,"minecraft:spruce_log":42,"minecraft:andesite":9,"minecraft:deepslate_lapis_ore":2,"minecraft:grass":5,"minecraft:coal_ore":7,"minecraft:gravel":1,"minecraft:dirt":15,"minecraft:stone":190,"minecraft:oak_leaves":2,"minecraft:deepslate":169},"minecraft:killed_by":{"minecraft:zombie":2},"minecraft:killed":{"minecraft:pig":3,"minecraft:sheep":4,"minecraft:zombie":2,"minecraft:chicken":3},"minecraft:custom":{"minecraft:interact_with_furnace":26,"minecraft:mob_kills":13,"minecraft:interact_with_crafting_table":22,"minecraft:leave_game":3,"minecraft:time_since_death":564,"minecraft:climb_one_cm":3100,"minecraft:time_since_rest":623,"minecraft:sprint_one_cm":77554,"minecraft:damage_taken":1342,"minecraft:walk_one_cm":166697,"minecraft:damage_dealt":1232,"minecraft:swim_one_cm":14160,"minecraft:fly_one_cm":16855,"minecraft:crouch_one_cm":224,"minecraft:play_time":75370,"minecraft:deaths":3,"minecraft:sneak_time":125,"minecraft:walk_under_water_one_cm":19296,"minecraft:jump":874,"minecraft:walk_on_water_one_cm":14799,"minecraft:total_world_time":75370,"minecraft:fall_one_cm":16411},"minecraft:used":{"minecraft:moss_block":2,"minecraft:diorite":1,"minecraft:stone_pickaxe":166,"minecraft:spruce_planks":9,"minecraft:wooden_pickaxe":35,"minecraft:cooked_chicken":1,"minecraft:rotten_flesh":1,"minecraft:torch":33,"minecraft:dirt":6,"minecraft:crafting_table":9,"minecraft:spruce_log":2,"minecraft:wooden_axe":9,"minecraft:diamond_pickaxe":74,"minecraft:brown_wool":1,"minecraft:iron_axe":29,"minecraft:iron_pickaxe":208,"minecraft:iron_boots":1,"minecraft:spruce_sapling":1,"minecraft:stone_axe":50,"minecraft:cobblestone":75,"minecraft:sweet_berries":6,"minecraft:furnace":4,"minecraft:cooked_porkchop":5,"minecraft:andesite":5,"minecraft:cobbled_deepslate":66,"minecraft:iron_leggings":1},"minecraft:crafted":{"minecraft:cooked_porkchop":5,"minecraft:crafting_table":3,"minecraft:spruce_planks":64,"minecraft:wooden_pickaxe":4,"minecraft:iron_helmet":1,"minecraft:cooked_chicken":1,"minecraft:furnace":1,"minecraft:bucket":1,"minecraft:birch_planks":36,"minecraft:stone_axe":2,"minecraft:air":0,"minecraft:diamond_pickaxe":1,"minecraft:iron_boots":1,"minecraft:iron_chestplate":1,"minecraft:charcoal":4,"minecraft:shield":1,"minecraft:iron_axe":1,"minecraft:stick":36,"minecraft:iron_ingot":35,"minecraft:iron_pickaxe":1,"minecraft:stone_pickaxe":3,"minecraft:wooden_axe":1,"minecraft:iron_leggings":1,"minecraft:torch":16},"minecraft:broken":{"minecraft:stone_pickaxe":1}},"DataVersion":3465}