{"stats":{"minecraft:picked_up":{"minecraft:birch_log":20,"minecraft:crafting_table":5,"minecraft:feather":1,"minecraft:chicken":1,"minecraft:clay_ball":8,"minecraft:andesite":9,"minecraft:birch_planks":21,"minecraft:dirt":20,"minecraft:lapis_lazuli":12,"minecraft:moss_carpet":1,"minecraft:cobbled_deepslate":171,"minecraft:spruce_planks":24,"minecraft:poppy":3,"minecraft:moss_block":3,"minecraft:birch_sapling":1,"minecraft:furnace":3,"minecraft:raw_iron":42,"minecraft:cooked_porkchop":2,"minecraft:sweet_berries":4,"minecraft:torch":17,"minecraft:gravel":1,"minecraft:porkchop":7,"minecraft:spruce_sapling":1,"minecraft:diorite":27,"minecraft:spruce_log":35,"minecraft:rotten_flesh":1,"minecraft:diamond":6,"minecraft:black_wool":1,"minecraft:mutton":3,"minecraft:coal":7,"minecraft:white_wool":1,"minecraft:cobblestone":193},"minecraft:mined":{"minecraft:podzol":1,"minecraft:deepslate_diamond_ore":6,"minecraft:clay":2,"minecraft:crafting_table":4,"minecraft:torch":6,"minecraft:grass_block":3,"minecraft:poppy":3,"minecraft:cobblestone":5,"minecraft:spruce_leaves":8,"minecraft:moss_block":3,"minecraft:diorite":27,"minecraft:wall_torch":12,"minecraft:furnace":3,"minecraft:sweet_berry_bush":2,"minecraft:birch_log":22,"minecraft:iron_ore":42,"minecraft:cobbled_deepslate":2,"minecraft:spruce_log":35,"minecraft:andesite":9,"minecraft:deepslate_lapis_ore":2,"minecraft:grass":2,"minecraft:coal_ore":7,"minecraft:gravel":1,"minecraft:dirt":15,"minecraft:stone":190,"minecraft:oak_leaves":2,"minecraft:deepslate":169},"minecraft:killed_by":{"minecraft:zombie":1},"minecraft:killed":{"minecraft:pig":3,"minecraft:sheep":2,"minecraft:zombie":2,"minecraft:chicken":1},"minecraft:custom":{"minecraft:interact_with_furnace":26,"minecraft:mob_kills":9,"minecraft:interact_with_crafting_table":21,"minecraft:leave_game":2,"minecraft:time_since_death":1702,"minecraft:climb_one_cm":3100,"minecraft:time_since_rest":1740,"minecraft:sprint_one_cm":51266,"minecraft:damage_taken":1102,"minecraft:walk_one_cm":130146,"minecraft:damage_dealt":992,"minecraft:fly_one_cm":9750,"minecraft:play_time":65802,"minecraft:deaths":2,"minecraft:sneak_time":26,"minecraft:walk_under_water_one_cm":15780,"minecraft:jump":716,"minecraft:walk_on_water_one_cm":11232,"minecraft:total_world_time":65802,"minecraft:fall_one_cm":12965},"minecraft:used":{"minecraft:moss_block":2,"minecraft:diorite":1,"minecraft:stone_pickaxe":166,"minecraft:spruce_planks":1,"minecraft:wooden_pickaxe":35,"minecraft:cooked_chicken":1,"minecraft:rotten_flesh":1,"minecraft:torch":33,"minecraft:dirt":2,"minecraft:crafting_table":7,"minecraft:diamond_pickaxe":74,"minecraft:iron_axe":29,"minecraft:iron_pickaxe":208,"minecraft:iron_boots":1,"minecraft:spruce_sapling":1,"minecraft:stone_axe":50,"minecraft:cobblestone":75,"minecraft:furnace":4,"minecraft:cooked_porkchop":5,"minecraft:andesite":5,"minecraft:cobbled_deepslate":66,"minecraft:iron_leggings":1},"minecraft:crafted":{"minecraft:cooked_porkchop":5,"minecraft:crafting_table":2,"minecraft:spruce_planks":44,"minecraft:wooden_pickaxe":3,"minecraft:iron_helmet":1,"minecraft:cooked_chicken":1,"minecraft:furnace":1,"minecraft:bucket":1,"minecraft:birch_planks":36,"minecraft:stone_axe":2,"minecraft:air":0,"minecraft:diamond_pickaxe":1,"minecraft:iron_boots":1,"minecraft:iron_chestplate":1,"minecraft:charcoal":4,"minecraft:shield":1,"minecraft:iron_axe":1,"minecraft:stick":32,"minecraft:iron_ingot":35,"minecraft:iron_pickaxe":1,"minecraft:stone_pickaxe":3,"minecraft:iron_leggings":1,"minecraft:torch":16},"minecraft:broken":{"minecraft:stone_pickaxe":1}},"DataVersion":3465}