{"stats":{"minecraft:picked_up":{"minecraft:birch_log":20,"minecraft:crafting_table":4,"minecraft:feather":1,"minecraft:chicken":1,"minecraft:andesite":4,"minecraft:birch_planks":21,"minecraft:lapis_lazuli":12,"minecraft:dirt":16,"minecraft:cobbled_deepslate":171,"minecraft:poppy":3,"minecraft:birch_sapling":1,"minecraft:furnace":3,"minecraft:raw_iron":30,"minecraft:cooked_porkchop":2,"minecraft:torch":15,"minecraft:porkchop":7,"minecraft:diorite":26,"minecraft:spruce_log":5,"minecraft:diamond":6,"minecraft:black_wool":1,"minecraft:mutton":3,"minecraft:white_wool":1,"minecraft:cobblestone":166},"minecraft:mined":{"minecraft:deepslate_diamond_ore":6,"minecraft:crafting_table":4,"minecraft:torch":4,"minecraft:grass_block":2,"minecraft:poppy":3,"minecraft:cobblestone":3,"minecraft:spruce_leaves":1,"minecraft:diorite":26,"minecraft:wall_torch":12,"minecraft:furnace":3,"minecraft:birch_log":22,"minecraft:iron_ore":30,"minecraft:cobbled_deepslate":2,"minecraft:spruce_log":5,"minecraft:andesite":4,"minecraft:deepslate_lapis_ore":2,"minecraft:grass":2,"minecraft:dirt":13,"minecraft:stone":165,"minecraft:oak_leaves":2,"minecraft:deepslate":169},"minecraft:killed":{"minecraft:pig":3,"minecraft:sheep":2,"minecraft:chicken":1},"minecraft:custom":{"minecraft:interact_with_furnace":17,"minecraft:mob_kills":6,"minecraft:interact_with_crafting_table":8,"minecraft:time_since_death":41158,"minecraft:time_since_rest":41158,"minecraft:sprint_one_cm":34381,"minecraft:damage_taken":210,"minecraft:walk_one_cm":60895,"minecraft:damage_dealt":590,"minecraft:fly_one_cm":6792,"minecraft:play_time":41158,"minecraft:sneak_time":26,"minecraft:walk_under_water_one_cm":8648,"minecraft:jump":354,"minecraft:walk_on_water_one_cm":8304,"minecraft:total_world_time":41158,"minecraft:fall_one_cm":4726},"minecraft:used":{"minecraft:stone_pickaxe":133,"minecraft:wooden_pickaxe":18,"minecraft:cooked_chicken":1,"minecraft:torch":31,"minecraft:dirt":1,"minecraft:crafting_table":4,"minecraft:diamond_pickaxe":67,"minecraft:iron_axe":24,"minecraft:iron_pickaxe":207,"minecraft:stone_axe":24,"minecraft:cobblestone":67,"minecraft:furnace":4,"minecraft:cooked_porkchop":2,"minecraft:cobbled_deepslate":64},"minecraft:crafted":{"minecraft:cooked_porkchop":5,"minecraft:crafting_table":1,"minecraft:spruce_planks":20,"minecraft:wooden_pickaxe":1,"minecraft:cooked_chicken":1,"minecraft:furnace":1,"minecraft:birch_planks":36,"minecraft:stone_axe":1,"minecraft:air":0,"minecraft:charcoal":4,"minecraft:diamond_pickaxe":1,"minecraft:shield":1,"minecraft:iron_axe":1,"minecraft:stick":16,"minecraft:iron_ingot":8,"minecraft:iron_pickaxe":1,"minecraft:stone_pickaxe":1,"minecraft:torch":16},"minecraft:broken":{"minecraft:stone_pickaxe":1}},"DataVersion":3465}