{"stats":{"minecraft:picked_up":{"minecraft:birch_log":20,"minecraft:crafting_table":4,"minecraft:feather":1,"minecraft:chicken":1,"minecraft:andesite":4,"minecraft:birch_planks":21,"minecraft:lapis_lazuli":12,"minecraft:dirt":16,"minecraft:cobbled_deepslate":171,"minecraft:poppy":3,"minecraft:birch_sapling":1,"minecraft:furnace":3,"minecraft:raw_iron":35,"minecraft:cooked_porkchop":2,"minecraft:torch":15,"minecraft:porkchop":7,"minecraft:diorite":26,"minecraft:spruce_log":8,"minecraft:rotten_flesh":1,"minecraft:diamond":6,"minecraft:black_wool":1,"minecraft:mutton":3,"minecraft:white_wool":1,"minecraft:cobblestone":177},"minecraft:mined":{"minecraft:deepslate_diamond_ore":6,"minecraft:crafting_table":4,"minecraft:torch":4,"minecraft:grass_block":2,"minecraft:poppy":3,"minecraft:cobblestone":5,"minecraft:spruce_leaves":2,"minecraft:diorite":26,"minecraft:wall_torch":12,"minecraft:furnace":3,"minecraft:birch_log":22,"minecraft:iron_ore":35,"minecraft:cobbled_deepslate":2,"minecraft:spruce_log":8,"minecraft:andesite":4,"minecraft:deepslate_lapis_ore":2,"minecraft:grass":2,"minecraft:dirt":13,"minecraft:stone":174,"minecraft:oak_leaves":2,"minecraft:deepslate":169},"minecraft:killed":{"minecraft:pig":3,"minecraft:sheep":2,"minecraft:zombie":2,"minecraft:chicken":1},"minecraft:custom":{"minecraft:interact_with_furnace":26,"minecraft:mob_kills":8,"minecraft:interact_with_crafting_table":17,"minecraft:time_since_death":4953,"minecraft:time_since_rest":4983,"minecraft:sprint_one_cm":47592,"minecraft:damage_taken":807,"minecraft:walk_one_cm":98358,"minecraft:damage_dealt":903,"minecraft:fly_one_cm":8811,"minecraft:play_time":53158,"minecraft:deaths":1,"minecraft:sneak_time":26,"minecraft:walk_under_water_one_cm":14028,"minecraft:jump":464,"minecraft:walk_on_water_one_cm":9470,"minecraft:total_world_time":53158,"minecraft:fall_one_cm":5353},"minecraft:used":{"minecraft:stone_pickaxe":133,"minecraft:wooden_pickaxe":26,"minecraft:cooked_chicken":1,"minecraft:rotten_flesh":1,"minecraft:torch":31,"minecraft:dirt":1,"minecraft:crafting_table":5,"minecraft:diamond_pickaxe":74,"minecraft:iron_axe":29,"minecraft:iron_pickaxe":208,"minecraft:iron_boots":1,"minecraft:stone_axe":24,"minecraft:cobblestone":72,"minecraft:furnace":4,"minecraft:cooked_porkchop":5,"minecraft:cobbled_deepslate":66,"minecraft:iron_leggings":1},"minecraft:crafted":{"minecraft:cooked_porkchop":5,"minecraft:crafting_table":1,"minecraft:spruce_planks":32,"minecraft:iron_helmet":1,"minecraft:wooden_pickaxe":2,"minecraft:cooked_chicken":1,"minecraft:furnace":1,"minecraft:bucket":1,"minecraft:birch_planks":36,"minecraft:stone_axe":1,"minecraft:air":0,"minecraft:iron_chestplate":1,"minecraft:iron_boots":1,"minecraft:charcoal":4,"minecraft:diamond_pickaxe":1,"minecraft:shield":1,"minecraft:iron_axe":1,"minecraft:stick":20,"minecraft:iron_ingot":35,"minecraft:iron_pickaxe":1,"minecraft:stone_pickaxe":1,"minecraft:iron_leggings":1,"minecraft:torch":16},"minecraft:broken":{"minecraft:stone_pickaxe":1}},"DataVersion":3465}