{"stats":{"minecraft:picked_up":{"minecraft:birch_log":13,"minecraft:raw_iron":8,"minecraft:crafting_table":2,"minecraft:feather":1,"minecraft:chicken":1,"minecraft:torch":3,"minecraft:diorite":8,"minecraft:spruce_log":5,"minecraft:dirt":6,"minecraft:birch_sapling":1,"minecraft:cobblestone":89,"minecraft:furnace":1},"minecraft:mined":{"minecraft:furnace":1,"minecraft:iron_ore":8,"minecraft:birch_log":13,"minecraft:spruce_log":5,"minecraft:torch":3,"minecraft:crafting_table":2,"minecraft:grass_block":1,"minecraft:dirt":5,"minecraft:spruce_leaves":1,"minecraft:stone":91,"minecraft:diorite":8,"minecraft:oak_leaves":1},"minecraft:killed":{"minecraft:chicken":1},"minecraft:custom":{"minecraft:time_since_rest":17158,"minecraft:interact_with_furnace":11,"minecraft:sprint_one_cm":16048,"minecraft:damage_taken":30,"minecraft:walk_one_cm":22952,"minecraft:mob_kills":1,"minecraft:damage_dealt":40,"minecraft:interact_with_crafting_table":7,"minecraft:fly_one_cm":5114,"minecraft:play_time":17158,"minecraft:sneak_time":18,"minecraft:walk_under_water_one_cm":5675,"minecraft:jump":114,"minecraft:walk_on_water_one_cm":3877,"minecraft:time_since_death":17158,"minecraft:total_world_time":17158,"minecraft:fall_one_cm":3103},"minecraft:used":{"minecraft:stone_pickaxe":92,"minecraft:wooden_pickaxe":18,"minecraft:stone_axe":22,"minecraft:torch":7,"minecraft:dirt":1,"minecraft:crafting_table":3,"minecraft:furnace":2},"minecraft:crafted":{"minecraft:charcoal":4,"minecraft:crafting_table":1,"minecraft:stick":12,"minecraft:spruce_planks":20,"minecraft:iron_pickaxe":1,"minecraft:iron_ingot":8,"minecraft:wooden_pickaxe":1,"minecraft:cooked_chicken":1,"minecraft:stone_pickaxe":1,"minecraft:furnace":1,"minecraft:torch":16,"minecraft:birch_planks":36,"minecraft:stone_axe":1,"minecraft:air":0}},"DataVersion":3465}