{"stats":{"minecraft:dropped":{"minecraft:wooden_pickaxe":2},"minecraft:picked_up":{"minecraft:crafting_table":2,"minecraft:brown_mushroom":8,"minecraft:wooden_pickaxe":1,"minecraft:spruce_log":6,"minecraft:dirt":3,"minecraft:cobblestone":22},"minecraft:mined":{"minecraft:grass_block":1,"minecraft:brown_mushroom":8,"minecraft:dirt":2,"minecraft:spruce_leaves":1,"minecraft:spruce_log":6,"minecraft:stone":22,"minecraft:crafting_table":2},"minecraft:custom":{"minecraft:time_since_rest":4838,"minecraft:crouch_one_cm":1854,"minecraft:play_time":4838,"minecraft:sprint_one_cm":10296,"minecraft:damage_taken":75,"minecraft:walk_one_cm":7704,"minecraft:sneak_time":1117,"minecraft:walk_under_water_one_cm":285,"minecraft:drop":2,"minecraft:jump":65,"minecraft:walk_on_water_one_cm":546,"minecraft:time_since_death":4838,"minecraft:total_world_time":4838,"minecraft:swim_one_cm":2768,"minecraft:interact_with_crafting_table":4,"minecraft:fall_one_cm":1732,"minecraft:fly_one_cm":12878},"minecraft:used":{"minecraft:stone_axe":2,"minecraft:dirt":1,"minecraft:crafting_table":2,"minecraft:stone_pickaxe":11,"minecraft:wooden_pickaxe":11},"minecraft:crafted":{"minecraft:furnace":2,"minecraft:stone_axe":1,"minecraft:crafting_table":1,"minecraft:spruce_planks":24,"minecraft:stick":8,"minecraft:stone_pickaxe":1,"minecraft:wooden_pickaxe":1}},"DataVersion":3465}