{"stats":{"minecraft:dropped":{"minecraft:wooden_pickaxe":2},"minecraft:picked_up":{"minecraft:crafting_table":2,"minecraft:raw_iron":2,"minecraft:brown_mushroom":8,"minecraft:wooden_pickaxe":1,"minecraft:spruce_log":6,"minecraft:dirt":3,"minecraft:sugar_cane":11,"minecraft:coal":2,"minecraft:cobblestone":27},"minecraft:mined":{"minecraft:brown_mushroom":8,"minecraft:iron_ore":2,"minecraft:spruce_log":6,"minecraft:crafting_table":2,"minecraft:grass_block":1,"minecraft:coal_ore":2,"minecraft:dirt":2,"minecraft:spruce_leaves":1,"minecraft:stone":27,"minecraft:sugar_cane":3},"minecraft:killed_by":{"minecraft:skeleton":1},"minecraft:custom":{"minecraft:time_since_rest":553,"minecraft:sprint_one_cm":25182,"minecraft:damage_taken":290,"minecraft:walk_one_cm":20098,"minecraft:drop":2,"minecraft:swim_one_cm":18629,"minecraft:interact_with_crafting_table":4,"minecraft:fly_one_cm":40280,"minecraft:crouch_one_cm":2044,"minecraft:play_time":9911,"minecraft:deaths":1,"minecraft:sneak_time":1259,"minecraft:walk_under_water_one_cm":5904,"minecraft:jump":176,"minecraft:leave_game":1,"minecraft:time_since_death":0,"minecraft:walk_on_water_one_cm":4706,"minecraft:total_world_time":9911,"minecraft:fall_one_cm":3590},"minecraft:used":{"minecraft:stone_pickaxe":20,"minecraft:wooden_pickaxe":11,"minecraft:stone_axe":2,"minecraft:dirt":2,"minecraft:crafting_table":2},"minecraft:crafted":{"minecraft:crafting_table":1,"minecraft:spruce_planks":24,"minecraft:stick":8,"minecraft:wooden_pickaxe":1,"minecraft:stone_pickaxe":1,"minecraft:furnace":2,"minecraft:stone_axe":1}},"DataVersion":3465}