{"stats":{"minecraft:dropped":{"minecraft:feather":4,"minecraft:wooden_pickaxe":1},"minecraft:picked_up":{"minecraft:birch_log":20,"minecraft:raw_iron":11,"minecraft:crafting_table":1,"minecraft:feather":8,"minecraft:chicken":4,"minecraft:andesite":1,"minecraft:torch":2,"minecraft:flint":2,"minecraft:gravel":13,"minecraft:porkchop":9,"minecraft:diorite":6,"minecraft:spruce_log":46,"minecraft:dirt":21,"minecraft:granite":1,"minecraft:birch_sapling":4,"minecraft:coal":29,"minecraft:furnace":1,"minecraft:cobblestone":118,"minecraft:egg":2},"minecraft:mined":{"minecraft:furnace":1,"minecraft:iron_ore":11,"minecraft:birch_log":20,"minecraft:spruce_log":29,"minecraft:andesite":1,"minecraft:birch_leaves":2,"minecraft:crafting_table":1,"minecraft:granite":1,"minecraft:grass":1,"minecraft:grass_block":9,"minecraft:coal_ore":29,"minecraft:gravel":15,"minecraft:dirt":12,"minecraft:spruce_leaves":2,"minecraft:stone":126,"minecraft:diorite":6,"minecraft:wall_torch":1},"minecraft:killed_by":{"minecraft:zombie":3},"minecraft:killed":{"minecraft:pig":4,"minecraft:chicken":4},"minecraft:custom":{"minecraft:time_since_rest":24541,"minecraft:interact_with_furnace":11,"minecraft:sprint_one_cm":54299,"minecraft:damage_taken":895,"minecraft:walk_one_cm":36833,"minecraft:mob_kills":8,"minecraft:drop":2,"minecraft:damage_dealt":560,"minecraft:swim_one_cm":2225,"minecraft:interact_with_crafting_table":7,"minecraft:fly_one_cm":60948,"minecraft:crouch_one_cm":319,"minecraft:play_time":28255,"minecraft:deaths":3,"minecraft:sneak_time":114,"minecraft:walk_under_water_one_cm":167,"minecraft:jump":341,"minecraft:time_since_death":22726,"minecraft:leave_game":1,"minecraft:walk_on_water_one_cm":822,"minecraft:total_world_time":28255,"minecraft:fall_one_cm":9177},"minecraft:used":{"minecraft:stone_pickaxe":182,"minecraft:birch_sapling":4,"minecraft:wooden_pickaxe":12,"minecraft:stone_axe":61,"minecraft:torch":7,"minecraft:dirt":3,"minecraft:crafting_table":4,"minecraft:furnace":2,"minecraft:cooked_porkchop":2,"minecraft:egg":2},"minecraft:crafted":{"minecraft:cooked_porkchop":9,"minecraft:crafting_table":3,"minecraft:stick":12,"minecraft:spruce_planks":80,"minecraft:iron_ingot":1,"minecraft:cooked_chicken":3,"minecraft:wooden_pickaxe":1,"minecraft:stone_pickaxe":2,"minecraft:furnace":1,"minecraft:torch":16,"minecraft:stone_axe":1,"minecraft:air":0},"minecraft:broken":{"minecraft:stone_pickaxe":1}},"DataVersion":3465}