{"stats":{"minecraft:dropped":{"minecraft:wooden_pickaxe":1},"minecraft:picked_up":{"minecraft:crafting_table":1,"minecraft:feather":1,"minecraft:chicken":1,"minecraft:porkchop":4,"minecraft:spruce_log":29,"minecraft:dirt":20,"minecraft:cobblestone":20},"minecraft:mined":{"minecraft:spruce_log":29,"minecraft:crafting_table":1,"minecraft:grass":1,"minecraft:grass_block":9,"minecraft:dirt":11,"minecraft:spruce_leaves":2,"minecraft:stone":20},"minecraft:killed_by":{"minecraft:zombie":3},"minecraft:killed":{"minecraft:pig":2,"minecraft:chicken":1},"minecraft:custom":{"minecraft:time_since_rest":12541,"minecraft:sprint_one_cm":22327,"minecraft:damage_taken":875,"minecraft:walk_one_cm":19842,"minecraft:mob_kills":3,"minecraft:drop":1,"minecraft:damage_dealt":240,"minecraft:swim_one_cm":2225,"minecraft:interact_with_crafting_table":4,"minecraft:fly_one_cm":40392,"minecraft:crouch_one_cm":317,"minecraft:play_time":16255,"minecraft:deaths":3,"minecraft:sneak_time":103,"minecraft:walk_under_water_one_cm":167,"minecraft:jump":255,"minecraft:time_since_death":10726,"minecraft:leave_game":1,"minecraft:walk_on_water_one_cm":822,"minecraft:total_world_time":16255,"minecraft:fall_one_cm":8146},"minecraft:used":{"minecraft:stone_pickaxe":10,"minecraft:wooden_pickaxe":12,"minecraft:stone_axe":34,"minecraft:dirt":3,"minecraft:crafting_table":2},"minecraft:crafted":{"minecraft:crafting_table":1,"minecraft:stick":8,"minecraft:spruce_planks":12,"minecraft:wooden_pickaxe":1,"minecraft:stone_pickaxe":1,"minecraft:stone_axe":1}},"DataVersion":3465}