{"stats":{"minecraft:crafted":{"minecraft:crafting_table":2,"minecraft:spruce_planks":20,"minecraft:wooden_pickaxe":1,"minecraft:bowl":4,"minecraft:mushroom_stew":6,"minecraft:bucket":1,"minecraft:stone_axe":1,"minecraft:air":0,"minecraft:stick":12,"minecraft:iron_ingot":13,"minecraft:stone_pickaxe":1},"minecraft:killed":{"minecraft:sheep":1,"minecraft:skeleton":1,"minecraft:zombie":3,"minecraft:chicken":3},"minecraft:killed_by":{"minecraft:zombie_villager":1,"minecraft:skeleton":1,"minecraft:creeper":2,"minecraft:zombie":1,"minecraft:pillager":1},"minecraft:dropped":{"minecraft:moss_carpet":3},"minecraft:mined":{"minecraft:podzol":2,"minecraft:flowering_azalea":2,"minecraft:brown_mushroom":32,"minecraft:powder_snow":18,"minecraft:clay":1,"minecraft:crafting_table":2,"minecraft:dark_oak_fence":1,"minecraft:grass_block":22,"minecraft:dead_bush":1,"minecraft:sculk_sensor":2,"minecraft:tall_grass":3,"minecraft:cobblestone":4,"minecraft:spruce_leaves":20,"minecraft:red_mushroom":12,"minecraft:sugar_cane":5,"minecraft:moss_block":37,"minecraft:sculk":22,"minecraft:large_fern":8,"minecraft:purple_bed":1,"minecraft:coarse_dirt":6,"minecraft:furnace":2,"minecraft:iron_ore":13,"minecraft:sweet_berry_bush":48,"minecraft:spruce_log":51,"minecraft:moss_carpet":5,"minecraft:grass":11,"minecraft:coal_ore":51,"minecraft:dirt_path":2,"minecraft:sand":1,"minecraft:dirt":28,"minecraft:stone":72,"minecraft:netherrack":9,"minecraft:fern":8},"minecraft:picked_up":{"minecraft:crafting_table":2,"minecraft:coarse_dirt":6,"minecraft:feather":4,"minecraft:chicken":3,"minecraft:clay_ball":4,"minecraft:brown_mushroom":30,"minecraft:red_mushroom":12,"minecraft:dirt":51,"minecraft:moss_carpet":7,"minecraft:bone":1,"minecraft:wheat_seeds":8,"minecraft:sugar_cane":11,"minecraft:moss_block":35,"minecraft:flowering_azalea":2,"minecraft:egg":1,"minecraft:furnace":2,"minecraft:stick":5,"minecraft:raw_iron":13,"minecraft:sweet_berries":106,"minecraft:sand":1,"minecraft:spruce_sapling":3,"minecraft:spruce_log":49,"minecraft:purple_bed":1,"minecraft:rotten_flesh":4,"minecraft:netherrack":9,"minecraft:dark_oak_fence":1,"minecraft:mutton":1,"minecraft:coal":66,"minecraft:white_wool":1,"minecraft:cobblestone":74},"minecraft:custom":{"minecraft:interact_with_furnace":13,"minecraft:mob_kills":8,"minecraft:interact_with_crafting_table":13,"minecraft:interact_with_grindstone":1,"minecraft:leave_game":5,"minecraft:time_since_death":680,"minecraft:sleep_in_bed":1,"minecraft:climb_one_cm":33,"minecraft:time_since_rest":715,"minecraft:sprint_one_cm":158949,"minecraft:damage_taken":2532,"minecraft:walk_one_cm":120638,"minecraft:damage_blocked_by_shield":900,"minecraft:drop":3,"minecraft:damage_dealt":2353,"minecraft:swim_one_cm":29567,"minecraft:talked_to_villager":1,"minecraft:fly_one_cm":251802,"minecraft:player_kills":1,"minecraft:open_chest":1,"minecraft:crouch_one_cm":10665,"minecraft:play_time":75604,"minecraft:deaths":9,"minecraft:sneak_time":4364,"minecraft:walk_under_water_one_cm":8161,"minecraft:jump":1632,"minecraft:walk_on_water_one_cm":13679,"minecraft:total_world_time":75604,"minecraft:fall_one_cm":48713},"minecraft:used":{"minecraft:moss_block":1,"minecraft:moss_carpet":3,"minecraft:stone_pickaxe":42,"minecraft:wooden_pickaxe":11,"minecraft:shield":6,"minecraft:sugar_cane":22,"minecraft:rotten_flesh":2,"minecraft:netherrack":44,"minecraft:torch":9,"minecraft:dirt":51,"minecraft:crafting_table":3,"minecraft:mushroom_stew":2,"minecraft:axolotl_bucket":2,"minecraft:spruce_log":3,"minecraft:flowering_azalea":1,"minecraft:chicken":1,"minecraft:iron_pickaxe":100,"minecraft:stone_axe":91,"minecraft:cobblestone":45,"minecraft:sweet_berries":27,"minecraft:furnace":2,"minecraft:cooked_porkchop":1,"minecraft:bucket":3,"minecraft:coarse_dirt":2}},"DataVersion":3465}