{"stats":{"minecraft:dropped":{"minecraft:brown_mushroom":2,"minecraft:poisonous_potato":2,"minecraft:dirt":1,"minecraft:bone":3,"minecraft:stone_axe":1,"minecraft:moss_carpet":3,"minecraft:kelp":176,"minecraft:gunpowder":2,"minecraft:spruce_planks":4,"minecraft:andesite":6,"minecraft:golden_sword":1},"minecraft:picked_up":{"minecraft:crafting_table":12,"minecraft:coarse_dirt":7,"minecraft:wheat":2,"minecraft:chicken":11,"minecraft:clay_ball":4,"minecraft:brown_mushroom":33,"minecraft:wooden_pickaxe":1,"minecraft:potion":1,"minecraft:gilded_blackstone":1,"minecraft:shield":1,"minecraft:moss_carpet":7,"minecraft:flint_and_steel":1,"minecraft:pufferfish":1,"minecraft:blackstone":12,"minecraft:cobbled_deepslate":82,"minecraft:gold_nugget":47,"minecraft:bucket":1,"minecraft:spruce_planks":32,"minecraft:beef":41,"minecraft:iron_nugget":8,"minecraft:sugar_cane":22,"minecraft:furnace":7,"minecraft:egg":1,"minecraft:golden_helmet":1,"minecraft:stick":51,"minecraft:raw_iron":91,"minecraft:copper_ingot":1,"minecraft:torch":4,"minecraft:acacia_log":15,"minecraft:porkchop":37,"minecraft:polished_blackstone_bricks":5,"minecraft:redstone":22,"minecraft:tnt":2,"minecraft:rotten_flesh":42,"minecraft:arrow":11,"minecraft:golden_hoe":1,"minecraft:gold_ingot":2,"minecraft:mutton":19,"minecraft:cobblestone":194,"minecraft:cod":6,"minecraft:white_wool":9,"minecraft:feather":15,"minecraft:basalt":2,"minecraft:andesite":6,"minecraft:salmon":3,"minecraft:leather":15,"minecraft:smoker":1,"minecraft:red_mushroom":12,"minecraft:gunpowder":2,"minecraft:lapis_lazuli":35,"minecraft:dirt":89,"minecraft:bone":10,"minecraft:kelp":176,"minecraft:wheat_seeds":8,"minecraft:stone_pickaxe":1,"minecraft:iron_ingot":3,"minecraft:moss_block":35,"minecraft:flowering_azalea":2,"minecraft:oak_slab":2,"minecraft:sweet_berries":106,"minecraft:sand":60,"minecraft:spruce_sapling":12,"minecraft:spruce_log":81,"minecraft:spider_eye":1,"minecraft:purple_bed":1,"minecraft:diamond":12,"minecraft:spruce_boat":7,"minecraft:stone_axe":1,"minecraft:cracked_polished_blackstone_bricks":2,"minecraft:granite":1,"minecraft:gray_wool":1,"minecraft:bread":5,"minecraft:netherrack":150,"minecraft:dark_oak_fence":1,"minecraft:coal":146},"minecraft:mined":{"minecraft:nether_gold_ore":10,"minecraft:tuff":7,"minecraft:deepslate_diamond_ore":12,"minecraft:glow_lichen":1,"minecraft:granite":3,"minecraft:dark_oak_fence":1,"minecraft:acacia_log":15,"minecraft:grass_block":25,"minecraft:cracked_polished_blackstone_bricks":3,"minecraft:spruce_leaves":46,"minecraft:kelp":3,"minecraft:moss_block":37,"minecraft:red_mushroom":12,"minecraft:gilded_blackstone":1,"minecraft:spawner":3,"minecraft:large_fern":8,"minecraft:polished_blackstone_bricks":8,"minecraft:tall_seagrass":2,"minecraft:furnace":9,"minecraft:cobbled_deepslate":6,"minecraft:iron_ore":70,"minecraft:fire":14,"minecraft:andesite":8,"minecraft:moss_carpet":5,"minecraft:deepslate_lapis_ore":2,"minecraft:deepslate_iron_ore":21,"minecraft:dirt_path":2,"minecraft:stone":183,"minecraft:podzol":6,"minecraft:deepslate_redstone_ore":5,"minecraft:acacia_leaves":2,"minecraft:brown_mushroom":32,"minecraft:flowering_azalea":2,"minecraft:blackstone":16,"minecraft:kelp_plant":26,"minecraft:smoker":1,"minecraft:basalt":3,"minecraft:powder_snow":18,"minecraft:clay":1,"minecraft:crafting_table":12,"minecraft:torch":2,"minecraft:calcite":2,"minecraft:dead_bush":1,"minecraft:sculk_sensor":2,"minecraft:tall_grass":6,"minecraft:cobblestone":17,"minecraft:lapis_ore":3,"minecraft:sugar_cane":5,"minecraft:sculk":22,"minecraft:wall_torch":1,"minecraft:amethyst_block":2,"minecraft:seagrass":2,"minecraft:purple_bed":1,"minecraft:coarse_dirt":7,"minecraft:sweet_berry_bush":48,"minecraft:ice":2,"minecraft:spruce_log":79,"minecraft:grass":23,"minecraft:coal_ore":81,"minecraft:gravel":8,"minecraft:sand":38,"minecraft:dirt":52,"minecraft:smooth_basalt":3,"minecraft:netherrack":154,"minecraft:deepslate":75,"minecraft:fern":11},"minecraft:killed_by":{"minecraft:zombie_villager":1,"minecraft:piglin_brute":1,"minecraft:creeper":3,"minecraft:polar_bear":1,"minecraft:pillager":1,"minecraft:skeleton":3,"minecraft:zombie":1},"minecraft:killed":{"minecraft:spider":2,"minecraft:skeleton":8,"minecraft:chicken":11,"minecraft:drowned":1,"minecraft:piglin_brute":3,"minecraft:pig":20,"minecraft:creeper":1,"minecraft:sheep":13,"minecraft:zombie":7,"minecraft:cow":15},"minecraft:custom":{"minecraft:mob_kills":87,"minecraft:interact_with_crafting_table":52,"minecraft:leave_game":11,"minecraft:time_since_death":149711,"minecraft:climb_one_cm":33,"minecraft:sprint_one_cm":645485,"minecraft:walk_one_cm":469596,"minecraft:damage_blocked_by_shield":3315,"minecraft:drop":19,"minecraft:talked_to_villager":1,"minecraft:play_time":354393,"minecraft:sneak_time":31220,"minecraft:deaths":16,"minecraft:walk_under_water_one_cm":33339,"minecraft:boat_one_cm":673971,"minecraft:jump":3609,"minecraft:walk_on_water_one_cm":30613,"minecraft:total_world_time":354393,"minecraft:interact_with_furnace":80,"minecraft:interact_with_grindstone":1,"minecraft:sleep_in_bed":3,"minecraft:time_since_rest":149748,"minecraft:damage_taken":6523,"minecraft:damage_dealt":12358,"minecraft:player_kills":1,"minecraft:swim_one_cm":117578,"minecraft:fly_one_cm":585487,"minecraft:open_chest":27,"minecraft:crouch_one_cm":69445,"minecraft:interact_with_smoker":1,"minecraft:fish_caught":10,"minecraft:fall_one_cm":98085},"minecraft:used":{"minecraft:moss_block":1,"minecraft:moss_carpet":3,"minecraft:iron_shovel":17,"minecraft:flint_and_steel":4,"minecraft:chest":1,"minecraft:shield":31,"minecraft:rotten_flesh":18,"minecraft:netherrack":181,"minecraft:torch":111,"minecraft:dirt":86,"minecraft:granite":1,"minecraft:axolotl_bucket":2,"minecraft:spruce_boat":5,"minecraft:flowering_azalea":1,"minecraft:lava_bucket":44,"minecraft:iron_axe":37,"minecraft:golden_carrot":5,"minecraft:sweet_berries":27,"minecraft:furnace":10,"minecraft:cooked_beef":7,"minecraft:cobbled_deepslate":80,"minecraft:water_bucket":12,"minecraft:stone_pickaxe":311,"minecraft:blackstone":12,"minecraft:wooden_pickaxe":80,"minecraft:sugar_cane":22,"minecraft:polished_blackstone_bricks":2,"minecraft:sand":20,"minecraft:oak_slab":2,"minecraft:crafting_table":13,"minecraft:mushroom_stew":2,"minecraft:white_bed":1,"minecraft:spruce_log":3,"minecraft:smoker":1,"minecraft:chicken":1,"minecraft:bread":3,"minecraft:iron_pickaxe":351,"minecraft:stone_axe":228,"minecraft:fishing_rod":12,"minecraft:cobblestone":77,"minecraft:cooked_porkchop":9,"minecraft:bucket":60,"minecraft:coarse_dirt":3,"minecraft:gray_wool":1},"minecraft:broken":{"minecraft:stone_pickaxe":1},"minecraft:crafted":{"minecraft:furnace":4,"minecraft:mushroom_stew":6,"minecraft:cooked_mutton":10,"minecraft:flint_and_steel":1,"minecraft:diamond_leggings":1,"minecraft:iron_boots":1,"minecraft:iron_axe":1,"minecraft:stone_pickaxe":4,"minecraft:chest":1,"minecraft:spruce_boat":2,"minecraft:golden_helmet":1,"minecraft:smoker":1,"minecraft:cooked_beef":7,"minecraft:cooked_porkchop":22,"minecraft:crafting_table":4,"minecraft:spruce_planks":120,"minecraft:wooden_pickaxe":4,"minecraft:iron_helmet":1,"minecraft:bowl":4,"minecraft:bucket":3,"minecraft:stone_axe":4,"minecraft:bread":2,"minecraft:air":0,"minecraft:iron_chestplate":1,"minecraft:shield":2,"minecraft:stick":84,"minecraft:iron_ingot":51,"minecraft:iron_pickaxe":1,"minecraft:iron_shovel":1,"minecraft:gold_ingot":7,"minecraft:white_bed":1,"minecraft:torch":96}},"DataVersion":3465}