{"stats":{"minecraft:picked_up":{"minecraft:raw_iron":8,"minecraft:coarse_dirt":2,"minecraft:sweet_berries":2,"minecraft:spruce_log":1,"minecraft:coal":11,"minecraft:netherrack":9,"minecraft:sugar_cane":11,"minecraft:dirt":3,"minecraft:cobblestone":38},"minecraft:mined":{"minecraft:coal_ore":11,"minecraft:grass_block":1,"minecraft:coarse_dirt":2,"minecraft:dirt_path":2,"minecraft:iron_ore":8,"minecraft:sweet_berry_bush":2,"minecraft:stone":42,"minecraft:netherrack":9,"minecraft:sugar_cane":5,"minecraft:powder_snow":8},"minecraft:custom":{"minecraft:time_since_rest":5066,"minecraft:open_chest":1,"minecraft:crouch_one_cm":641,"minecraft:sprint_one_cm":16839,"minecraft:play_time":22217,"minecraft:damage_blocked_by_shield":420,"minecraft:damage_taken":70,"minecraft:walk_one_cm":26845,"minecraft:sneak_time":293,"minecraft:walk_under_water_one_cm":3192,"minecraft:jump":303,"minecraft:interact_with_grindstone":1,"minecraft:leave_game":4,"minecraft:walk_on_water_one_cm":1490,"minecraft:time_since_death":22217,"minecraft:sleep_in_bed":1,"minecraft:total_world_time":22217,"minecraft:talked_to_villager":1,"minecraft:interact_with_crafting_table":2,"minecraft:swim_one_cm":2309,"minecraft:fall_one_cm":4196,"minecraft:fly_one_cm":26770},"minecraft:used":{"minecraft:netherrack":44,"minecraft:dirt":3,"minecraft:cobblestone":12,"minecraft:sweet_berries":13,"minecraft:iron_pickaxe":71,"minecraft:shield":1,"minecraft:sugar_cane":22}},"DataVersion":3465}