{"stats":{"minecraft:dropped":{"minecraft:moss_carpet":3},"minecraft:picked_up":{"minecraft:coarse_dirt":6,"minecraft:crafting_table":4,"minecraft:feather":4,"minecraft:chicken":3,"minecraft:clay_ball":4,"minecraft:brown_mushroom":32,"minecraft:red_mushroom":12,"minecraft:dirt":67,"minecraft:moss_carpet":7,"minecraft:bone":1,"minecraft:wheat_seeds":8,"minecraft:moss_block":35,"minecraft:sugar_cane":11,"minecraft:flowering_azalea":2,"minecraft:egg":1,"minecraft:furnace":2,"minecraft:raw_iron":13,"minecraft:stick":46,"minecraft:sweet_berries":106,"minecraft:sand":1,"minecraft:spruce_sapling":12,"minecraft:spruce_log":74,"minecraft:rotten_flesh":5,"minecraft:purple_bed":1,"minecraft:spruce_boat":2,"minecraft:netherrack":9,"minecraft:mutton":1,"minecraft:dark_oak_fence":1,"minecraft:coal":66,"minecraft:white_wool":1,"minecraft:cobblestone":97},"minecraft:mined":{"minecraft:podzol":6,"minecraft:flowering_azalea":2,"minecraft:brown_mushroom":32,"minecraft:powder_snow":18,"minecraft:clay":1,"minecraft:crafting_table":4,"minecraft:dark_oak_fence":1,"minecraft:grass_block":22,"minecraft:dead_bush":1,"minecraft:sculk_sensor":2,"minecraft:tall_grass":3,"minecraft:cobblestone":4,"minecraft:spruce_leaves":43,"minecraft:red_mushroom":12,"minecraft:sugar_cane":5,"minecraft:moss_block":37,"minecraft:sculk":22,"minecraft:large_fern":8,"minecraft:purple_bed":1,"minecraft:coarse_dirt":6,"minecraft:furnace":2,"minecraft:iron_ore":13,"minecraft:sweet_berry_bush":48,"minecraft:ice":2,"minecraft:spruce_log":72,"minecraft:moss_carpet":5,"minecraft:grass":11,"minecraft:coal_ore":51,"minecraft:dirt_path":2,"minecraft:sand":1,"minecraft:dirt":40,"minecraft:stone":98,"minecraft:netherrack":9,"minecraft:fern":11},"minecraft:killed_by":{"minecraft:zombie_villager":1,"minecraft:skeleton":3,"minecraft:creeper":2,"minecraft:polar_bear":1,"minecraft:zombie":1,"minecraft:pillager":1},"minecraft:killed":{"minecraft:sheep":1,"minecraft:skeleton":1,"minecraft:zombie":4,"minecraft:chicken":3},"minecraft:custom":{"minecraft:interact_with_furnace":13,"minecraft:mob_kills":10,"minecraft:interact_with_crafting_table":19,"minecraft:interact_with_grindstone":1,"minecraft:leave_game":6,"minecraft:time_since_death":1013,"minecraft:sleep_in_bed":1,"minecraft:climb_one_cm":33,"minecraft:time_since_rest":1041,"minecraft:sprint_one_cm":196091,"minecraft:damage_taken":3777,"minecraft:walk_one_cm":167108,"minecraft:damage_blocked_by_shield":900,"minecraft:drop":3,"minecraft:damage_dealt":2786,"minecraft:swim_one_cm":33008,"minecraft:talked_to_villager":1,"minecraft:fly_one_cm":304879,"minecraft:player_kills":1,"minecraft:open_chest":1,"minecraft:crouch_one_cm":17817,"minecraft:play_time":137558,"minecraft:deaths":14,"minecraft:sneak_time":7619,"minecraft:walk_under_water_one_cm":9467,"minecraft:boat_one_cm":10726,"minecraft:jump":1904,"minecraft:walk_on_water_one_cm":14592,"minecraft:total_world_time":137558,"minecraft:fall_one_cm":65248},"minecraft:used":{"minecraft:moss_block":1,"minecraft:moss_carpet":3,"minecraft:stone_pickaxe":63,"minecraft:wooden_pickaxe":20,"minecraft:shield":6,"minecraft:sugar_cane":22,"minecraft:rotten_flesh":2,"minecraft:netherrack":44,"minecraft:torch":9,"minecraft:dirt":65,"minecraft:crafting_table":5,"minecraft:mushroom_stew":2,"minecraft:axolotl_bucket":2,"minecraft:spruce_log":3,"minecraft:spruce_boat":1,"minecraft:flowering_azalea":1,"minecraft:chicken":1,"minecraft:iron_pickaxe":100,"minecraft:stone_axe":92,"minecraft:cobblestone":47,"minecraft:sweet_berries":27,"minecraft:furnace":2,"minecraft:cooked_porkchop":1,"minecraft:bucket":3,"minecraft:coarse_dirt":2},"minecraft:crafted":{"minecraft:crafting_table":3,"minecraft:spruce_planks":76,"minecraft:wooden_pickaxe":2,"minecraft:bowl":4,"minecraft:mushroom_stew":6,"minecraft:bucket":1,"minecraft:stone_axe":2,"minecraft:air":0,"minecraft:stick":52,"minecraft:iron_ingot":13,"minecraft:stone_pickaxe":2,"minecraft:spruce_boat":1}},"DataVersion":3465}