{"stats":{"minecraft:dropped":{"minecraft:brown_mushroom":2,"minecraft:poisonous_potato":2,"minecraft:dirt":1,"minecraft:moss_carpet":3,"minecraft:kelp":176,"minecraft:spruce_planks":1},"minecraft:picked_up":{"minecraft:coarse_dirt":7,"minecraft:crafting_table":8,"minecraft:wheat":2,"minecraft:chicken":11,"minecraft:clay_ball":4,"minecraft:brown_mushroom":33,"minecraft:wooden_pickaxe":1,"minecraft:potion":1,"minecraft:gilded_blackstone":1,"minecraft:shield":1,"minecraft:moss_carpet":7,"minecraft:flint_and_steel":1,"minecraft:pufferfish":1,"minecraft:blackstone":12,"minecraft:gold_nugget":47,"minecraft:bucket":1,"minecraft:spruce_planks":30,"minecraft:beef":25,"minecraft:iron_nugget":8,"minecraft:sugar_cane":22,"minecraft:egg":1,"minecraft:furnace":4,"minecraft:golden_helmet":1,"minecraft:raw_iron":18,"minecraft:stick":51,"minecraft:copper_ingot":1,"minecraft:acacia_log":15,"minecraft:porkchop":37,"minecraft:polished_blackstone_bricks":5,"minecraft:tnt":2,"minecraft:rotten_flesh":41,"minecraft:golden_hoe":1,"minecraft:gold_ingot":2,"minecraft:mutton":19,"minecraft:cod":6,"minecraft:white_wool":9,"minecraft:cobblestone":155,"minecraft:feather":15,"minecraft:basalt":2,"minecraft:salmon":3,"minecraft:leather":8,"minecraft:red_mushroom":12,"minecraft:dirt":77,"minecraft:bone":3,"minecraft:kelp":176,"minecraft:wheat_seeds":8,"minecraft:stone_pickaxe":1,"minecraft:moss_block":35,"minecraft:flowering_azalea":2,"minecraft:oak_slab":2,"minecraft:sweet_berries":106,"minecraft:sand":60,"minecraft:spruce_sapling":12,"minecraft:spruce_log":81,"minecraft:purple_bed":1,"minecraft:stone_axe":1,"minecraft:spruce_boat":7,"minecraft:cracked_polished_blackstone_bricks":2,"minecraft:gray_wool":1,"minecraft:bread":5,"minecraft:netherrack":72,"minecraft:dark_oak_fence":1,"minecraft:coal":72},"minecraft:mined":{"minecraft:nether_gold_ore":10,"minecraft:dark_oak_fence":1,"minecraft:acacia_log":15,"minecraft:grass_block":23,"minecraft:cracked_polished_blackstone_bricks":3,"minecraft:spruce_leaves":46,"minecraft:red_mushroom":12,"minecraft:moss_block":37,"minecraft:kelp":3,"minecraft:gilded_blackstone":1,"minecraft:large_fern":8,"minecraft:polished_blackstone_bricks":8,"minecraft:tall_seagrass":2,"minecraft:furnace":4,"minecraft:iron_ore":18,"minecraft:moss_carpet":5,"minecraft:dirt_path":2,"minecraft:stone":143,"minecraft:podzol":6,"minecraft:acacia_leaves":2,"minecraft:flowering_azalea":2,"minecraft:brown_mushroom":32,"minecraft:blackstone":16,"minecraft:kelp_plant":26,"minecraft:basalt":3,"minecraft:powder_snow":18,"minecraft:clay":1,"minecraft:crafting_table":8,"minecraft:dead_bush":1,"minecraft:sculk_sensor":2,"minecraft:tall_grass":6,"minecraft:cobblestone":17,"minecraft:sugar_cane":5,"minecraft:sculk":22,"minecraft:seagrass":2,"minecraft:purple_bed":1,"minecraft:coarse_dirt":7,"minecraft:sweet_berry_bush":48,"minecraft:ice":2,"minecraft:spruce_log":79,"minecraft:grass":22,"minecraft:coal_ore":51,"minecraft:sand":38,"minecraft:dirt":42,"minecraft:netherrack":73,"minecraft:fern":11},"minecraft:killed_by":{"minecraft:zombie_villager":1,"minecraft:piglin_brute":1,"minecraft:creeper":3,"minecraft:polar_bear":1,"minecraft:pillager":1,"minecraft:skeleton":3,"minecraft:zombie":1},"minecraft:killed":{"minecraft:skeleton":2,"minecraft:chicken":11,"minecraft:drowned":1,"minecraft:piglin_brute":3,"minecraft:pig":20,"minecraft:creeper":1,"minecraft:sheep":13,"minecraft:zombie":4,"minecraft:cow":8},"minecraft:custom":{"minecraft:mob_kills":67,"minecraft:interact_with_crafting_table":41,"minecraft:leave_game":9,"minecraft:time_since_death":37333,"minecraft:climb_one_cm":33,"minecraft:sprint_one_cm":342655,"minecraft:walk_one_cm":290318,"minecraft:damage_blocked_by_shield":1200,"minecraft:drop":11,"minecraft:talked_to_villager":1,"minecraft:play_time":242015,"minecraft:deaths":16,"minecraft:sneak_time":20977,"minecraft:walk_under_water_one_cm":32086,"minecraft:boat_one_cm":673971,"minecraft:jump":2773,"minecraft:walk_on_water_one_cm":23035,"minecraft:total_world_time":242015,"minecraft:interact_with_furnace":52,"minecraft:interact_with_grindstone":1,"minecraft:sleep_in_bed":3,"minecraft:time_since_rest":37370,"minecraft:damage_taken":5344,"minecraft:damage_dealt":9322,"minecraft:swim_one_cm":117383,"minecraft:fly_one_cm":483041,"minecraft:player_kills":1,"minecraft:open_chest":21,"minecraft:crouch_one_cm":50935,"minecraft:fish_caught":10,"minecraft:fall_one_cm":85879},"minecraft:used":{"minecraft:moss_block":1,"minecraft:moss_carpet":3,"minecraft:iron_shovel":17,"minecraft:flint_and_steel":3,"minecraft:chest":1,"minecraft:shield":11,"minecraft:rotten_flesh":18,"minecraft:netherrack":103,"minecraft:torch":9,"minecraft:dirt":67,"minecraft:axolotl_bucket":2,"minecraft:spruce_boat":5,"minecraft:flowering_azalea":1,"minecraft:lava_bucket":15,"minecraft:golden_carrot":1,"minecraft:sweet_berries":27,"minecraft:furnace":5,"minecraft:cooked_beef":1,"minecraft:water_bucket":12,"minecraft:stone_pickaxe":185,"minecraft:blackstone":12,"minecraft:wooden_pickaxe":80,"minecraft:sugar_cane":22,"minecraft:polished_blackstone_bricks":2,"minecraft:sand":20,"minecraft:oak_slab":2,"minecraft:crafting_table":9,"minecraft:mushroom_stew":2,"minecraft:white_bed":1,"minecraft:spruce_log":3,"minecraft:chicken":1,"minecraft:bread":3,"minecraft:iron_pickaxe":100,"minecraft:stone_axe":209,"minecraft:fishing_rod":12,"minecraft:cobblestone":67,"minecraft:cooked_porkchop":2,"minecraft:bucket":30,"minecraft:coarse_dirt":3,"minecraft:gray_wool":1},"minecraft:crafted":{"minecraft:furnace":3,"minecraft:mushroom_stew":6,"minecraft:cooked_mutton":10,"minecraft:flint_and_steel":1,"minecraft:stone_pickaxe":4,"minecraft:chest":1,"minecraft:spruce_boat":2,"minecraft:golden_helmet":1,"minecraft:smoker":1,"minecraft:cooked_beef":7,"minecraft:cooked_porkchop":21,"minecraft:crafting_table":4,"minecraft:spruce_planks":120,"minecraft:wooden_pickaxe":4,"minecraft:bowl":4,"minecraft:bucket":2,"minecraft:stone_axe":4,"minecraft:bread":2,"minecraft:air":0,"minecraft:shield":1,"minecraft:stick":72,"minecraft:iron_ingot":20,"minecraft:iron_shovel":1,"minecraft:gold_ingot":7,"minecraft:white_bed":1}},"DataVersion":3465}