{"stats":{"minecraft:crafted":{"minecraft:crafting_table":2,"minecraft:spruce_planks":20,"minecraft:wooden_pickaxe":1,"minecraft:bucket":1,"minecraft:stone_axe":1,"minecraft:air":0,"minecraft:stick":12,"minecraft:iron_ingot":13,"minecraft:stone_pickaxe":1},"minecraft:killed":{"minecraft:sheep":1,"minecraft:skeleton":1,"minecraft:zombie":1,"minecraft:chicken":2},"minecraft:killed_by":{"minecraft:zombie_villager":1,"minecraft:skeleton":1,"minecraft:creeper":1,"minecraft:zombie":1},"minecraft:mined":{"minecraft:flowering_azalea":2,"minecraft:brown_mushroom":20,"minecraft:powder_snow":18,"minecraft:clay":1,"minecraft:crafting_table":1,"minecraft:grass_block":22,"minecraft:sculk_sensor":2,"minecraft:tall_grass":3,"minecraft:cobblestone":4,"minecraft:spruce_leaves":6,"minecraft:red_mushroom":12,"minecraft:sugar_cane":5,"minecraft:moss_block":37,"minecraft:sculk":22,"minecraft:large_fern":4,"minecraft:purple_bed":1,"minecraft:coarse_dirt":2,"minecraft:furnace":2,"minecraft:iron_ore":13,"minecraft:sweet_berry_bush":30,"minecraft:spruce_log":37,"minecraft:moss_carpet":5,"minecraft:grass":10,"minecraft:coal_ore":49,"minecraft:dirt_path":2,"minecraft:sand":1,"minecraft:dirt":28,"minecraft:stone":71,"minecraft:netherrack":9,"minecraft:fern":2},"minecraft:dropped":{"minecraft:moss_carpet":3},"minecraft:picked_up":{"minecraft:crafting_table":1,"minecraft:coarse_dirt":2,"minecraft:feather":2,"minecraft:chicken":2,"minecraft:clay_ball":4,"minecraft:brown_mushroom":20,"minecraft:red_mushroom":12,"minecraft:dirt":51,"minecraft:moss_carpet":7,"minecraft:bone":1,"minecraft:wheat_seeds":4,"minecraft:sugar_cane":11,"minecraft:moss_block":35,"minecraft:flowering_azalea":2,"minecraft:furnace":2,"minecraft:raw_iron":13,"minecraft:sweet_berries":67,"minecraft:sand":1,"minecraft:spruce_log":34,"minecraft:purple_bed":1,"minecraft:rotten_flesh":2,"minecraft:netherrack":9,"minecraft:mutton":1,"minecraft:coal":64,"minecraft:white_wool":1,"minecraft:cobblestone":73},"minecraft:custom":{"minecraft:interact_with_furnace":13,"minecraft:mob_kills":5,"minecraft:interact_with_crafting_table":10,"minecraft:interact_with_grindstone":1,"minecraft:leave_game":5,"minecraft:time_since_death":10908,"minecraft:sleep_in_bed":1,"minecraft:climb_one_cm":33,"minecraft:time_since_rest":10974,"minecraft:sprint_one_cm":87445,"minecraft:damage_taken":1784,"minecraft:walk_one_cm":87522,"minecraft:damage_blocked_by_shield":900,"minecraft:drop":3,"minecraft:damage_dealt":930,"minecraft:swim_one_cm":16931,"minecraft:talked_to_villager":1,"minecraft:fly_one_cm":152136,"minecraft:open_chest":1,"minecraft:crouch_one_cm":5750,"minecraft:play_time":57604,"minecraft:deaths":6,"minecraft:sneak_time":2842,"minecraft:walk_under_water_one_cm":6942,"minecraft:jump":1141,"minecraft:walk_on_water_one_cm":11484,"minecraft:total_world_time":57604,"minecraft:fall_one_cm":34112},"minecraft:used":{"minecraft:moss_block":1,"minecraft:moss_carpet":3,"minecraft:stone_pickaxe":39,"minecraft:wooden_pickaxe":11,"minecraft:shield":6,"minecraft:sugar_cane":22,"minecraft:netherrack":44,"minecraft:torch":9,"minecraft:dirt":51,"minecraft:crafting_table":3,"minecraft:axolotl_bucket":2,"minecraft:spruce_log":3,"minecraft:flowering_azalea":1,"minecraft:iron_pickaxe":100,"minecraft:stone_axe":58,"minecraft:cobblestone":45,"minecraft:sweet_berries":23,"minecraft:furnace":2,"minecraft:cooked_porkchop":1,"minecraft:bucket":3}},"DataVersion":3465}