{"stats":{"minecraft:dropped":{"minecraft:moss_carpet":3,"minecraft:kelp":112,"minecraft:brown_mushroom":2,"minecraft:poisonous_potato":2,"minecraft:dirt":1,"minecraft:spruce_planks":1},"minecraft:picked_up":{"minecraft:coarse_dirt":6,"minecraft:crafting_table":6,"minecraft:wheat":2,"minecraft:feather":15,"minecraft:chicken":11,"minecraft:clay_ball":4,"minecraft:leather":4,"minecraft:brown_mushroom":33,"minecraft:red_mushroom":12,"minecraft:dirt":67,"minecraft:moss_carpet":7,"minecraft:bone":1,"minecraft:kelp":176,"minecraft:wheat_seeds":8,"minecraft:spruce_planks":23,"minecraft:beef":9,"minecraft:moss_block":35,"minecraft:sugar_cane":22,"minecraft:flowering_azalea":2,"minecraft:egg":1,"minecraft:furnace":2,"minecraft:raw_iron":18,"minecraft:stick":47,"minecraft:sweet_berries":106,"minecraft:copper_ingot":1,"minecraft:porkchop":9,"minecraft:sand":1,"minecraft:spruce_sapling":12,"minecraft:spruce_log":74,"minecraft:rotten_flesh":6,"minecraft:purple_bed":1,"minecraft:spruce_boat":4,"minecraft:bread":4,"minecraft:netherrack":9,"minecraft:mutton":1,"minecraft:dark_oak_fence":1,"minecraft:coal":71,"minecraft:white_wool":1,"minecraft:cobblestone":115},"minecraft:mined":{"minecraft:podzol":6,"minecraft:flowering_azalea":2,"minecraft:brown_mushroom":32,"minecraft:kelp_plant":26,"minecraft:powder_snow":18,"minecraft:clay":1,"minecraft:crafting_table":6,"minecraft:dark_oak_fence":1,"minecraft:grass_block":22,"minecraft:dead_bush":1,"minecraft:sculk_sensor":2,"minecraft:tall_grass":3,"minecraft:cobblestone":4,"minecraft:kelp":3,"minecraft:spruce_leaves":43,"minecraft:red_mushroom":12,"minecraft:sugar_cane":5,"minecraft:moss_block":37,"minecraft:sculk":22,"minecraft:seagrass":2,"minecraft:large_fern":8,"minecraft:tall_seagrass":2,"minecraft:purple_bed":1,"minecraft:coarse_dirt":6,"minecraft:furnace":2,"minecraft:iron_ore":18,"minecraft:sweet_berry_bush":48,"minecraft:ice":2,"minecraft:spruce_log":72,"minecraft:moss_carpet":5,"minecraft:grass":14,"minecraft:coal_ore":51,"minecraft:dirt_path":2,"minecraft:dirt":40,"minecraft:sand":1,"minecraft:stone":116,"minecraft:netherrack":9,"minecraft:fern":11},"minecraft:killed_by":{"minecraft:zombie_villager":1,"minecraft:skeleton":3,"minecraft:creeper":2,"minecraft:polar_bear":1,"minecraft:zombie":1,"minecraft:pillager":1},"minecraft:killed":{"minecraft:pig":4,"minecraft:sheep":1,"minecraft:skeleton":1,"minecraft:zombie":4,"minecraft:chicken":11,"minecraft:drowned":1,"minecraft:cow":5},"minecraft:custom":{"minecraft:interact_with_furnace":13,"minecraft:mob_kills":28,"minecraft:interact_with_crafting_table":21,"minecraft:interact_with_grindstone":1,"minecraft:leave_game":7,"minecraft:time_since_death":23517,"minecraft:sleep_in_bed":1,"minecraft:climb_one_cm":33,"minecraft:time_since_rest":23545,"minecraft:sprint_one_cm":210493,"minecraft:damage_taken":3857,"minecraft:walk_one_cm":181417,"minecraft:damage_blocked_by_shield":900,"minecraft:drop":10,"minecraft:damage_dealt":4206,"minecraft:swim_one_cm":93433,"minecraft:talked_to_villager":1,"minecraft:fly_one_cm":326552,"minecraft:player_kills":1,"minecraft:open_chest":8,"minecraft:crouch_one_cm":18654,"minecraft:play_time":160062,"minecraft:deaths":14,"minecraft:sneak_time":8481,"minecraft:walk_under_water_one_cm":27392,"minecraft:boat_one_cm":330415,"minecraft:jump":2017,"minecraft:walk_on_water_one_cm":19708,"minecraft:total_world_time":160062,"minecraft:fall_one_cm":67673},"minecraft:used":{"minecraft:moss_block":1,"minecraft:moss_carpet":3,"minecraft:stone_pickaxe":70,"minecraft:wooden_pickaxe":36,"minecraft:shield":6,"minecraft:sugar_cane":22,"minecraft:rotten_flesh":2,"minecraft:netherrack":44,"minecraft:torch":9,"minecraft:dirt":65,"minecraft:crafting_table":6,"minecraft:mushroom_stew":2,"minecraft:axolotl_bucket":2,"minecraft:spruce_log":3,"minecraft:spruce_boat":2,"minecraft:flowering_azalea":1,"minecraft:chicken":1,"minecraft:iron_pickaxe":100,"minecraft:stone_axe":120,"minecraft:cobblestone":47,"minecraft:sweet_berries":27,"minecraft:furnace":2,"minecraft:cooked_porkchop":1,"minecraft:bucket":3,"minecraft:coarse_dirt":2},"minecraft:crafted":{"minecraft:crafting_table":3,"minecraft:spruce_planks":92,"minecraft:wooden_pickaxe":3,"minecraft:bowl":4,"minecraft:furnace":1,"minecraft:mushroom_stew":6,"minecraft:bucket":1,"minecraft:stone_axe":3,"minecraft:air":0,"minecraft:stick":52,"minecraft:iron_ingot":13,"minecraft:stone_pickaxe":3,"minecraft:spruce_boat":1}},"DataVersion":3465}