{"stats":{"minecraft:picked_up":{"minecraft:coarse_dirt":2,"minecraft:raw_iron":13,"minecraft:sweet_berries":36,"minecraft:spruce_log":4,"minecraft:dirt":51,"minecraft:purple_bed":1,"minecraft:bone":1,"minecraft:rotten_flesh":2,"minecraft:sugar_cane":11,"minecraft:netherrack":9,"minecraft:coal":26,"minecraft:cobblestone":64,"minecraft:furnace":2},"minecraft:mined":{"minecraft:large_fern":2,"minecraft:purple_bed":1,"minecraft:coarse_dirt":2,"minecraft:furnace":2,"minecraft:iron_ore":13,"minecraft:sweet_berry_bush":15,"minecraft:spruce_log":3,"minecraft:powder_snow":18,"minecraft:grass_block":22,"minecraft:coal_ore":11,"minecraft:dirt_path":2,"minecraft:dirt":28,"minecraft:cobblestone":4,"minecraft:stone":60,"minecraft:netherrack":9,"minecraft:sugar_cane":5},"minecraft:killed_by":{"minecraft:creeper":1},"minecraft:killed":{"minecraft:skeleton":1,"minecraft:zombie":1},"minecraft:custom":{"minecraft:time_since_rest":5633,"minecraft:interact_with_furnace":13,"minecraft:sprint_one_cm":37710,"minecraft:damage_taken":359,"minecraft:walk_one_cm":48142,"minecraft:damage_blocked_by_shield":900,"minecraft:mob_kills":2,"minecraft:damage_dealt":552,"minecraft:swim_one_cm":3466,"minecraft:interact_with_crafting_table":6,"minecraft:talked_to_villager":1,"minecraft:fly_one_cm":58875,"minecraft:open_chest":1,"minecraft:crouch_one_cm":3316,"minecraft:play_time":34217,"minecraft:deaths":1,"minecraft:sneak_time":1246,"minecraft:walk_under_water_one_cm":5514,"minecraft:jump":584,"minecraft:interact_with_grindstone":1,"minecraft:leave_game":4,"minecraft:time_since_death":5591,"minecraft:walk_on_water_one_cm":2478,"minecraft:sleep_in_bed":1,"minecraft:total_world_time":34217,"minecraft:fall_one_cm":10695},"minecraft:used":{"minecraft:iron_pickaxe":100,"minecraft:shield":6,"minecraft:sugar_cane":22,"minecraft:netherrack":44,"minecraft:stone_axe":7,"minecraft:torch":9,"minecraft:dirt":42,"minecraft:cobblestone":45,"minecraft:sweet_berries":13,"minecraft:crafting_table":1,"minecraft:furnace":2,"minecraft:cooked_porkchop":1,"minecraft:bucket":3,"minecraft:axolotl_bucket":2},"minecraft:crafted":{"minecraft:crafting_table":1,"minecraft:iron_ingot":13,"minecraft:bucket":1,"minecraft:air":0}},"DataVersion":3465}