{"stats":{"minecraft:dropped":{"minecraft:moss_carpet":3,"minecraft:kelp":176,"minecraft:brown_mushroom":2,"minecraft:poisonous_potato":2,"minecraft:dirt":1,"minecraft:spruce_planks":1},"minecraft:picked_up":{"minecraft:coarse_dirt":6,"minecraft:crafting_table":6,"minecraft:wheat":2,"minecraft:feather":15,"minecraft:chicken":11,"minecraft:clay_ball":4,"minecraft:leather":4,"minecraft:brown_mushroom":33,"minecraft:wooden_pickaxe":1,"minecraft:red_mushroom":12,"minecraft:shield":1,"minecraft:dirt":67,"minecraft:moss_carpet":7,"minecraft:flint_and_steel":1,"minecraft:bone":1,"minecraft:stone_pickaxe":1,"minecraft:kelp":176,"minecraft:gold_nugget":47,"minecraft:wheat_seeds":8,"minecraft:bucket":1,"minecraft:spruce_planks":23,"minecraft:iron_nugget":8,"minecraft:beef":18,"minecraft:moss_block":35,"minecraft:sugar_cane":22,"minecraft:golden_helmet":1,"minecraft:flowering_azalea":2,"minecraft:egg":1,"minecraft:furnace":2,"minecraft:raw_iron":18,"minecraft:stick":47,"minecraft:sweet_berries":106,"minecraft:copper_ingot":1,"minecraft:porkchop":9,"minecraft:sand":8,"minecraft:spruce_sapling":12,"minecraft:spruce_log":74,"minecraft:tnt":2,"minecraft:rotten_flesh":41,"minecraft:purple_bed":1,"minecraft:golden_hoe":1,"minecraft:stone_axe":1,"minecraft:spruce_boat":4,"minecraft:gold_ingot":2,"minecraft:bread":5,"minecraft:netherrack":68,"minecraft:mutton":9,"minecraft:dark_oak_fence":1,"minecraft:coal":71,"minecraft:white_wool":4,"minecraft:cobblestone":127},"minecraft:mined":{"minecraft:podzol":6,"minecraft:nether_gold_ore":10,"minecraft:flowering_azalea":2,"minecraft:brown_mushroom":32,"minecraft:kelp_plant":26,"minecraft:powder_snow":18,"minecraft:clay":1,"minecraft:crafting_table":6,"minecraft:dark_oak_fence":1,"minecraft:grass_block":22,"minecraft:dead_bush":1,"minecraft:sculk_sensor":2,"minecraft:tall_grass":3,"minecraft:cobblestone":13,"minecraft:kelp":3,"minecraft:spruce_leaves":43,"minecraft:red_mushroom":12,"minecraft:sugar_cane":5,"minecraft:moss_block":37,"minecraft:sculk":22,"minecraft:seagrass":2,"minecraft:large_fern":8,"minecraft:tall_seagrass":2,"minecraft:purple_bed":1,"minecraft:coarse_dirt":6,"minecraft:furnace":2,"minecraft:iron_ore":18,"minecraft:sweet_berry_bush":48,"minecraft:ice":2,"minecraft:spruce_log":72,"minecraft:moss_carpet":5,"minecraft:grass":15,"minecraft:coal_ore":51,"minecraft:dirt_path":2,"minecraft:dirt":40,"minecraft:sand":8,"minecraft:stone":119,"minecraft:netherrack":69,"minecraft:fern":11},"minecraft:killed_by":{"minecraft:zombie_villager":1,"minecraft:piglin_brute":1,"minecraft:skeleton":3,"minecraft:creeper":2,"minecraft:polar_bear":1,"minecraft:zombie":1,"minecraft:pillager":1},"minecraft:killed":{"minecraft:pig":4,"minecraft:sheep":6,"minecraft:skeleton":1,"minecraft:zombie":4,"minecraft:chicken":11,"minecraft:drowned":1,"minecraft:piglin_brute":3,"minecraft:cow":5},"minecraft:custom":{"minecraft:interact_with_furnace":18,"minecraft:mob_kills":36,"minecraft:interact_with_crafting_table":32,"minecraft:interact_with_grindstone":1,"minecraft:leave_game":7,"minecraft:time_since_death":7725,"minecraft:sleep_in_bed":3,"minecraft:climb_one_cm":33,"minecraft:time_since_rest":7791,"minecraft:sprint_one_cm":252881,"minecraft:damage_taken":4436,"minecraft:walk_one_cm":221670,"minecraft:damage_blocked_by_shield":1140,"minecraft:drop":11,"minecraft:damage_dealt":6196,"minecraft:swim_one_cm":93433,"minecraft:talked_to_villager":1,"minecraft:fly_one_cm":368202,"minecraft:player_kills":1,"minecraft:open_chest":13,"minecraft:crouch_one_cm":25648,"minecraft:play_time":184062,"minecraft:deaths":15,"minecraft:sneak_time":12095,"minecraft:walk_under_water_one_cm":27392,"minecraft:boat_one_cm":330415,"minecraft:jump":2241,"minecraft:walk_on_water_one_cm":19885,"minecraft:total_world_time":184062,"minecraft:fall_one_cm":74713},"minecraft:used":{"minecraft:water_bucket":12,"minecraft:moss_block":1,"minecraft:moss_carpet":3,"minecraft:flint_and_steel":1,"minecraft:stone_pickaxe":152,"minecraft:chest":1,"minecraft:wooden_pickaxe":42,"minecraft:shield":10,"minecraft:sugar_cane":22,"minecraft:rotten_flesh":7,"minecraft:netherrack":75,"minecraft:torch":9,"minecraft:dirt":65,"minecraft:sand":7,"minecraft:crafting_table":7,"minecraft:mushroom_stew":2,"minecraft:white_bed":1,"minecraft:axolotl_bucket":2,"minecraft:spruce_log":3,"minecraft:spruce_boat":2,"minecraft:flowering_azalea":1,"minecraft:lava_bucket":15,"minecraft:bread":3,"minecraft:chicken":1,"minecraft:iron_pickaxe":100,"minecraft:stone_axe":144,"minecraft:cobblestone":63,"minecraft:sweet_berries":27,"minecraft:furnace":3,"minecraft:cooked_porkchop":1,"minecraft:bucket":30,"minecraft:coarse_dirt":2},"minecraft:crafted":{"minecraft:crafting_table":3,"minecraft:spruce_planks":92,"minecraft:wooden_pickaxe":3,"minecraft:bowl":4,"minecraft:furnace":1,"minecraft:mushroom_stew":6,"minecraft:bucket":2,"minecraft:stone_axe":3,"minecraft:air":0,"minecraft:flint_and_steel":1,"minecraft:shield":1,"minecraft:stick":52,"minecraft:iron_ingot":20,"minecraft:stone_pickaxe":3,"minecraft:chest":1,"minecraft:gold_ingot":7,"minecraft:white_bed":1,"minecraft:spruce_boat":1,"minecraft:golden_helmet":1}},"DataVersion":3465}