{"stats":{"minecraft:picked_up":{"minecraft:coarse_dirt":2,"minecraft:sugar_cane":11,"minecraft:netherrack":8,"minecraft:dirt":3},"minecraft:mined":{"minecraft:grass_block":1,"minecraft:coarse_dirt":2,"minecraft:dirt_path":2,"minecraft:sweet_berry_bush":1,"minecraft:netherrack":8,"minecraft:sugar_cane":5},"minecraft:custom":{"minecraft:time_since_rest":13852,"minecraft:open_chest":1,"minecraft:crouch_one_cm":219,"minecraft:sprint_one_cm":4304,"minecraft:play_time":13852,"minecraft:damage_taken":10,"minecraft:walk_one_cm":14179,"minecraft:sneak_time":110,"minecraft:walk_under_water_one_cm":443,"minecraft:jump":68,"minecraft:interact_with_grindstone":1,"minecraft:leave_game":4,"minecraft:walk_on_water_one_cm":758,"minecraft:time_since_death":13852,"minecraft:total_world_time":13852,"minecraft:swim_one_cm":2309,"minecraft:fall_one_cm":964,"minecraft:fly_one_cm":4437},"minecraft:used":{"minecraft:netherrack":17,"minecraft:dirt":3,"minecraft:sweet_berries":7,"minecraft:iron_pickaxe":8,"minecraft:sugar_cane":22}},"DataVersion":3465}