{"stats":{"minecraft:crafted":{"minecraft:crafting_table":1,"minecraft:bucket":1,"minecraft:air":0,"minecraft:iron_ingot":13},"minecraft:killed":{"minecraft:skeleton":1,"minecraft:zombie":1},"minecraft:killed_by":{"minecraft:creeper":1,"minecraft:zombie":1},"minecraft:mined":{"minecraft:flowering_azalea":2,"minecraft:powder_snow":18,"minecraft:clay":1,"minecraft:grass_block":22,"minecraft:sculk_sensor":2,"minecraft:tall_grass":3,"minecraft:cobblestone":4,"minecraft:sugar_cane":5,"minecraft:moss_block":37,"minecraft:sculk":22,"minecraft:large_fern":2,"minecraft:purple_bed":1,"minecraft:coarse_dirt":2,"minecraft:furnace":2,"minecraft:iron_ore":13,"minecraft:sweet_berry_bush":15,"minecraft:spruce_log":6,"minecraft:moss_carpet":5,"minecraft:grass":9,"minecraft:coal_ore":11,"minecraft:dirt_path":2,"minecraft:dirt":28,"minecraft:stone":60,"minecraft:netherrack":9},"minecraft:dropped":{"minecraft:moss_carpet":3},"minecraft:picked_up":{"minecraft:coarse_dirt":2,"minecraft:clay_ball":4,"minecraft:dirt":51,"minecraft:moss_carpet":7,"minecraft:bone":1,"minecraft:wheat_seeds":2,"minecraft:sugar_cane":11,"minecraft:moss_block":35,"minecraft:flowering_azalea":2,"minecraft:furnace":2,"minecraft:raw_iron":13,"minecraft:sweet_berries":36,"minecraft:spruce_log":7,"minecraft:purple_bed":1,"minecraft:rotten_flesh":2,"minecraft:netherrack":9,"minecraft:coal":26,"minecraft:cobblestone":64},"minecraft:custom":{"minecraft:interact_with_furnace":13,"minecraft:mob_kills":2,"minecraft:interact_with_crafting_table":6,"minecraft:interact_with_grindstone":1,"minecraft:leave_game":5,"minecraft:time_since_death":2270,"minecraft:sleep_in_bed":1,"minecraft:climb_one_cm":33,"minecraft:time_since_rest":2301,"minecraft:sprint_one_cm":57478,"minecraft:damage_taken":1169,"minecraft:walk_one_cm":70749,"minecraft:damage_blocked_by_shield":900,"minecraft:drop":3,"minecraft:damage_dealt":660,"minecraft:swim_one_cm":3612,"minecraft:talked_to_villager":1,"minecraft:fly_one_cm":99539,"minecraft:open_chest":1,"minecraft:crouch_one_cm":5498,"minecraft:play_time":45604,"minecraft:deaths":4,"minecraft:sneak_time":2453,"minecraft:walk_under_water_one_cm":5669,"minecraft:jump":827,"minecraft:walk_on_water_one_cm":6624,"minecraft:total_world_time":45604,"minecraft:fall_one_cm":28028},"minecraft:used":{"minecraft:moss_block":1,"minecraft:moss_carpet":3,"minecraft:shield":6,"minecraft:sugar_cane":22,"minecraft:netherrack":44,"minecraft:torch":9,"minecraft:dirt":51,"minecraft:crafting_table":1,"minecraft:axolotl_bucket":2,"minecraft:spruce_log":3,"minecraft:flowering_azalea":1,"minecraft:iron_pickaxe":100,"minecraft:stone_axe":7,"minecraft:cobblestone":45,"minecraft:sweet_berries":17,"minecraft:furnace":2,"minecraft:cooked_porkchop":1,"minecraft:bucket":3}},"DataVersion":3465}