{"stats":{"minecraft:crafted":{"minecraft:crafting_table":3,"minecraft:spruce_planks":76,"minecraft:wooden_pickaxe":2,"minecraft:bowl":4,"minecraft:mushroom_stew":6,"minecraft:bucket":1,"minecraft:stone_axe":2,"minecraft:air":0,"minecraft:stick":52,"minecraft:iron_ingot":13,"minecraft:stone_pickaxe":2,"minecraft:spruce_boat":1},"minecraft:killed":{"minecraft:sheep":1,"minecraft:skeleton":1,"minecraft:zombie":4,"minecraft:chicken":3},"minecraft:killed_by":{"minecraft:zombie_villager":1,"minecraft:skeleton":3,"minecraft:creeper":2,"minecraft:polar_bear":1,"minecraft:zombie":1,"minecraft:pillager":1},"minecraft:dropped":{"minecraft:moss_carpet":3},"minecraft:mined":{"minecraft:podzol":2,"minecraft:flowering_azalea":2,"minecraft:brown_mushroom":32,"minecraft:powder_snow":18,"minecraft:clay":1,"minecraft:crafting_table":4,"minecraft:dark_oak_fence":1,"minecraft:grass_block":22,"minecraft:dead_bush":1,"minecraft:sculk_sensor":2,"minecraft:tall_grass":3,"minecraft:cobblestone":4,"minecraft:spruce_leaves":43,"minecraft:red_mushroom":12,"minecraft:sugar_cane":5,"minecraft:moss_block":37,"minecraft:sculk":22,"minecraft:large_fern":8,"minecraft:purple_bed":1,"minecraft:coarse_dirt":6,"minecraft:furnace":2,"minecraft:iron_ore":13,"minecraft:sweet_berry_bush":48,"minecraft:ice":2,"minecraft:spruce_log":70,"minecraft:moss_carpet":5,"minecraft:grass":11,"minecraft:coal_ore":51,"minecraft:dirt_path":2,"minecraft:sand":1,"minecraft:dirt":33,"minecraft:stone":98,"minecraft:netherrack":9,"minecraft:fern":11},"minecraft:picked_up":{"minecraft:crafting_table":4,"minecraft:coarse_dirt":6,"minecraft:feather":4,"minecraft:chicken":3,"minecraft:clay_ball":4,"minecraft:brown_mushroom":30,"minecraft:red_mushroom":12,"minecraft:dirt":56,"minecraft:moss_carpet":7,"minecraft:bone":1,"minecraft:wheat_seeds":8,"minecraft:sugar_cane":11,"minecraft:moss_block":35,"minecraft:flowering_azalea":2,"minecraft:egg":1,"minecraft:furnace":2,"minecraft:stick":26,"minecraft:raw_iron":13,"minecraft:sweet_berries":106,"minecraft:sand":1,"minecraft:spruce_sapling":12,"minecraft:spruce_log":70,"minecraft:purple_bed":1,"minecraft:rotten_flesh":5,"minecraft:spruce_boat":1,"minecraft:netherrack":9,"minecraft:dark_oak_fence":1,"minecraft:mutton":1,"minecraft:coal":66,"minecraft:white_wool":1,"minecraft:cobblestone":97},"minecraft:custom":{"minecraft:interact_with_furnace":13,"minecraft:mob_kills":10,"minecraft:interact_with_crafting_table":19,"minecraft:interact_with_grindstone":1,"minecraft:leave_game":5,"minecraft:time_since_death":26515,"minecraft:sleep_in_bed":1,"minecraft:climb_one_cm":33,"minecraft:time_since_rest":26554,"minecraft:sprint_one_cm":186444,"minecraft:damage_taken":3517,"minecraft:walk_one_cm":163165,"minecraft:damage_blocked_by_shield":900,"minecraft:drop":3,"minecraft:damage_dealt":2786,"minecraft:swim_one_cm":33008,"minecraft:talked_to_villager":1,"minecraft:fly_one_cm":296854,"minecraft:player_kills":1,"minecraft:open_chest":1,"minecraft:crouch_one_cm":17621,"minecraft:play_time":123604,"minecraft:deaths":13,"minecraft:sneak_time":7529,"minecraft:walk_under_water_one_cm":9292,"minecraft:jump":1826,"minecraft:walk_on_water_one_cm":14528,"minecraft:total_world_time":123604,"minecraft:fall_one_cm":59770},"minecraft:used":{"minecraft:moss_block":1,"minecraft:moss_carpet":3,"minecraft:stone_pickaxe":63,"minecraft:wooden_pickaxe":20,"minecraft:shield":6,"minecraft:sugar_cane":22,"minecraft:rotten_flesh":2,"minecraft:netherrack":44,"minecraft:torch":9,"minecraft:dirt":54,"minecraft:crafting_table":5,"minecraft:mushroom_stew":2,"minecraft:axolotl_bucket":2,"minecraft:spruce_log":3,"minecraft:flowering_azalea":1,"minecraft:chicken":1,"minecraft:iron_pickaxe":100,"minecraft:stone_axe":92,"minecraft:cobblestone":47,"minecraft:sweet_berries":27,"minecraft:furnace":2,"minecraft:cooked_porkchop":1,"minecraft:bucket":3,"minecraft:coarse_dirt":2}},"DataVersion":3465}