{"stats":{"minecraft:crafted":{"minecraft:stone_axe":1,"minecraft:crafting_table":1,"minecraft:spruce_planks":24,"minecraft:stick":8,"minecraft:stone_pickaxe":1,"minecraft:wooden_pickaxe":1,"minecraft:wooden_axe":1},"minecraft:mined":{"minecraft:coal_ore":14,"minecraft:spruce_planks":1,"minecraft:spruce_log":6,"minecraft:spruce_leaves":6,"minecraft:stone":16,"minecraft:crafting_table":2},"minecraft:picked_up":{"minecraft:crafting_table":2,"minecraft:coarse_dirt":11,"minecraft:brown_mushroom":1,"minecraft:spruce_planks":1,"minecraft:spruce_log":6,"minecraft:coal":14,"minecraft:dirt":29,"minecraft:cobblestone":16},"minecraft:custom":{"minecraft:time_since_rest":7116,"minecraft:sprint_one_cm":4816,"minecraft:play_time":7116,"minecraft:damage_taken":35,"minecraft:walk_one_cm":7539,"minecraft:jump":34,"minecraft:damage_dealt":70,"minecraft:leave_game":1,"minecraft:time_since_death":7116,"minecraft:total_world_time":7116,"minecraft:interact_with_crafting_table":4,"minecraft:fall_one_cm":1318,"minecraft:fly_one_cm":3295},"minecraft:used":{"minecraft:stone_axe":1,"minecraft:wooden_axe":3,"minecraft:crafting_table":2,"minecraft:spruce_planks":1,"minecraft:wooden_pickaxe":30}},"DataVersion":3465}