{"stats":{"minecraft:killed":{"minecraft:pig":11,"minecraft:sheep":3,"minecraft:zombie":1,"minecraft:drowned":1,"minecraft:cow":2},"minecraft:dropped":{"minecraft:gravel":7,"minecraft:wheat_seeds":1,"minecraft:cooked_beef":2,"minecraft:tuff":45,"minecraft:cobblestone":80,"minecraft:rotten_flesh":2,"minecraft:leather":2,"minecraft:granite":2,"minecraft:copper_ingot":1,"minecraft:flint":1,"minecraft:diorite":18,"minecraft:andesite":6,"minecraft:oak_sapling":1},"minecraft:crafted":{"minecraft:raw_iron":9,"minecraft:cooked_porkchop":13,"minecraft:crafting_table":1,"minecraft:spruce_planks":92,"minecraft:wooden_pickaxe":1,"minecraft:iron_helmet":1,"minecraft:spruce_door":3,"minecraft:furnace":1,"minecraft:bucket":1,"minecraft:campfire":1,"minecraft:stone_axe":1,"minecraft:air":0,"minecraft:iron_boots":1,"minecraft:iron_chestplate":1,"minecraft:diamond_pickaxe":1,"minecraft:shield":1,"minecraft:iron_axe":1,"minecraft:stick":32,"minecraft:iron_ingot":89,"minecraft:iron_pickaxe":2,"minecraft:stone_pickaxe":1,"minecraft:wooden_axe":1,"minecraft:iron_leggings":1,"minecraft:white_bed":1,"minecraft:spruce_boat":1,"minecraft:torch":52},"minecraft:custom":{"minecraft:interact_with_furnace":39,"minecraft:mob_kills":18,"minecraft:interact_with_crafting_table":29,"minecraft:interact_with_campfire":8,"minecraft:leave_game":2,"minecraft:time_since_death":97267,"minecraft:sleep_in_bed":1,"minecraft:time_since_rest":3353,"minecraft:sprint_one_cm":171267,"minecraft:damage_taken":312,"minecraft:walk_one_cm":130865,"minecraft:damage_blocked_by_shield":180,"minecraft:drop":15,"minecraft:damage_dealt":1960,"minecraft:swim_one_cm":76868,"minecraft:fly_one_cm":141127,"minecraft:crouch_one_cm":611,"minecraft:play_time":97267,"minecraft:sneak_time":387,"minecraft:walk_under_water_one_cm":20154,"minecraft:boat_one_cm":69500,"minecraft:jump":1131,"minecraft:walk_on_water_one_cm":32070,"minecraft:total_world_time":97267,"minecraft:fall_one_cm":20164},"minecraft:mined":{"minecraft:diamond_ore":1,"minecraft:tuff":45,"minecraft:spruce_planks":1,"minecraft:white_bed":1,"minecraft:deepslate_diamond_ore":25,"minecraft:spruce_door":6,"minecraft:obsidian":2,"minecraft:crafting_table":9,"minecraft:torch":2,"minecraft:granite":2,"minecraft:campfire":1,"minecraft:cobblestone":11,"minecraft:lapis_ore":6,"minecraft:spruce_leaves":7,"minecraft:deepslate_gold_ore":5,"minecraft:moss_block":1,"minecraft:diorite":18,"minecraft:wall_torch":6,"minecraft:raw_iron_block":1,"minecraft:coarse_dirt":1,"minecraft:furnace":3,"minecraft:iron_ore":68,"minecraft:spruce_log":26,"minecraft:andesite":7,"minecraft:deepslate_lapis_ore":8,"minecraft:grass":1,"minecraft:oak_log":12,"minecraft:coal_ore":35,"minecraft:deepslate_iron_ore":12,"minecraft:gravel":6,"minecraft:dirt":5,"minecraft:stone":148,"minecraft:oak_leaves":8,"minecraft:deepslate":263,"minecraft:fern":4},"minecraft:broken":{"minecraft:stone_pickaxe":1,"minecraft:iron_pickaxe":2},"minecraft:used":{"minecraft:water_bucket":5,"minecraft:spruce_door":7,"minecraft:stone_pickaxe":132,"minecraft:spruce_planks":1,"minecraft:wooden_pickaxe":34,"minecraft:shield":1,"minecraft:brown_mushroom":1,"minecraft:iron_chestplate":1,"minecraft:torch":47,"minecraft:dirt":19,"minecraft:mutton":5,"minecraft:crafting_table":9,"minecraft:white_bed":1,"minecraft:campfire":1,"minecraft:spruce_boat":1,"minecraft:diamond_pickaxe":2,"minecraft:wooden_axe":15,"minecraft:iron_axe":34,"minecraft:iron_pickaxe":502,"minecraft:iron_helmet":1,"minecraft:iron_boots":1,"minecraft:spruce_sapling":1,"minecraft:stone_axe":42,"minecraft:cobblestone":61,"minecraft:beef":2,"minecraft:porkchop":2,"minecraft:furnace":3,"minecraft:cooked_porkchop":6,"minecraft:bucket":6,"minecraft:coarse_dirt":12,"minecraft:cobbled_deepslate":10},"minecraft:picked_up":{"minecraft:charcoal":2,"minecraft:crafting_table":9,"minecraft:coarse_dirt":12,"minecraft:cooked_beef":2,"minecraft:andesite":6,"minecraft:leather":2,"minecraft:brown_mushroom":1,"minecraft:flint":1,"minecraft:tuff":45,"minecraft:oak_log":12,"minecraft:lapis_lazuli":80,"minecraft:dirt":34,"minecraft:wheat_seeds":1,"minecraft:cobbled_deepslate":265,"minecraft:raw_gold":5,"minecraft:spruce_planks":1,"minecraft:beef":4,"minecraft:furnace":3,"minecraft:raw_iron":80,"minecraft:cooked_porkchop":6,"minecraft:copper_ingot":1,"minecraft:torch":12,"minecraft:raw_iron_block":1,"minecraft:gravel":7,"minecraft:porkchop":21,"minecraft:spruce_sapling":1,"minecraft:diorite":18,"minecraft:white_bed":1,"minecraft:spruce_log":26,"minecraft:spruce_door":6,"minecraft:rotten_flesh":2,"minecraft:diamond":26,"minecraft:spruce_boat":1,"minecraft:granite":2,"minecraft:oak_sapling":1,"minecraft:mutton":5,"minecraft:coal":55,"minecraft:white_wool":3,"minecraft:cobblestone":155}},"DataVersion":3465}