{"stats":{"minecraft:killed":{"minecraft:pig":10,"minecraft:sheep":2,"minecraft:zombie":1,"minecraft:drowned":1,"minecraft:cow":2},"minecraft:dropped":{"minecraft:cooked_beef":2},"minecraft:crafted":{"minecraft:raw_iron":9,"minecraft:cooked_porkchop":13,"minecraft:crafting_table":1,"minecraft:spruce_planks":92,"minecraft:wooden_pickaxe":1,"minecraft:iron_helmet":1,"minecraft:spruce_door":3,"minecraft:furnace":1,"minecraft:bucket":1,"minecraft:campfire":1,"minecraft:stone_axe":1,"minecraft:air":0,"minecraft:iron_boots":1,"minecraft:iron_chestplate":1,"minecraft:shield":1,"minecraft:iron_axe":1,"minecraft:stick":32,"minecraft:iron_ingot":54,"minecraft:iron_pickaxe":2,"minecraft:stone_pickaxe":1,"minecraft:wooden_axe":1,"minecraft:iron_leggings":1,"minecraft:torch":52},"minecraft:custom":{"minecraft:interact_with_furnace":30,"minecraft:mob_kills":16,"minecraft:interact_with_crafting_table":26,"minecraft:interact_with_campfire":8,"minecraft:leave_game":2,"minecraft:time_since_death":73267,"minecraft:time_since_rest":73267,"minecraft:sprint_one_cm":128480,"minecraft:damage_taken":292,"minecraft:walk_one_cm":97036,"minecraft:damage_blocked_by_shield":180,"minecraft:drop":2,"minecraft:damage_dealt":1780,"minecraft:swim_one_cm":26143,"minecraft:fly_one_cm":81791,"minecraft:crouch_one_cm":242,"minecraft:play_time":73267,"minecraft:sneak_time":209,"minecraft:walk_under_water_one_cm":8781,"minecraft:jump":755,"minecraft:walk_on_water_one_cm":20221,"minecraft:total_world_time":73267,"minecraft:fall_one_cm":15264},"minecraft:mined":{"minecraft:tuff":45,"minecraft:spruce_planks":1,"minecraft:deepslate_diamond_ore":23,"minecraft:spruce_door":1,"minecraft:crafting_table":6,"minecraft:torch":2,"minecraft:granite":2,"minecraft:campfire":1,"minecraft:cobblestone":2,"minecraft:lapis_ore":6,"minecraft:spruce_leaves":7,"minecraft:deepslate_gold_ore":5,"minecraft:moss_block":1,"minecraft:diorite":18,"minecraft:wall_torch":5,"minecraft:raw_iron_block":1,"minecraft:coarse_dirt":1,"minecraft:furnace":2,"minecraft:iron_ore":49,"minecraft:spruce_log":26,"minecraft:deepslate_lapis_ore":8,"minecraft:grass":1,"minecraft:coal_ore":33,"minecraft:deepslate_iron_ore":12,"minecraft:gravel":6,"minecraft:dirt":4,"minecraft:stone":139,"minecraft:deepslate":263,"minecraft:fern":4},"minecraft:broken":{"minecraft:stone_pickaxe":1,"minecraft:iron_pickaxe":1},"minecraft:used":{"minecraft:water_bucket":1,"minecraft:spruce_door":1,"minecraft:stone_pickaxe":132,"minecraft:spruce_planks":1,"minecraft:wooden_pickaxe":34,"minecraft:shield":1,"minecraft:brown_mushroom":1,"minecraft:iron_chestplate":1,"minecraft:torch":40,"minecraft:dirt":13,"minecraft:mutton":3,"minecraft:crafting_table":6,"minecraft:campfire":1,"minecraft:wooden_axe":15,"minecraft:iron_axe":3,"minecraft:iron_pickaxe":452,"minecraft:iron_helmet":1,"minecraft:iron_boots":1,"minecraft:spruce_sapling":1,"minecraft:stone_axe":42,"minecraft:cobblestone":18,"minecraft:beef":2,"minecraft:furnace":3,"minecraft:cooked_porkchop":5,"minecraft:bucket":2,"minecraft:coarse_dirt":12,"minecraft:cobbled_deepslate":8},"minecraft:picked_up":{"minecraft:charcoal":2,"minecraft:crafting_table":6,"minecraft:coarse_dirt":12,"minecraft:cooked_beef":2,"minecraft:leather":2,"minecraft:brown_mushroom":1,"minecraft:flint":1,"minecraft:tuff":45,"minecraft:lapis_lazuli":80,"minecraft:dirt":33,"minecraft:cobbled_deepslate":265,"minecraft:raw_gold":5,"minecraft:spruce_planks":1,"minecraft:beef":4,"minecraft:furnace":2,"minecraft:raw_iron":61,"minecraft:cooked_porkchop":6,"minecraft:copper_ingot":1,"minecraft:torch":8,"minecraft:raw_iron_block":1,"minecraft:gravel":7,"minecraft:porkchop":19,"minecraft:spruce_sapling":1,"minecraft:diorite":18,"minecraft:spruce_log":26,"minecraft:spruce_door":1,"minecraft:rotten_flesh":2,"minecraft:diamond":23,"minecraft:granite":2,"minecraft:mutton":3,"minecraft:coal":46,"minecraft:white_wool":2,"minecraft:cobblestone":137}},"DataVersion":3465}