{"stats":{"minecraft:killed":{"minecraft:pig":10,"minecraft:sheep":2,"minecraft:zombie":1,"minecraft:drowned":1,"minecraft:cow":2},"minecraft:dropped":{"minecraft:cooked_beef":2},"minecraft:crafted":{"minecraft:cooked_porkchop":13,"minecraft:crafting_table":1,"minecraft:spruce_planks":92,"minecraft:wooden_pickaxe":1,"minecraft:iron_helmet":1,"minecraft:spruce_door":3,"minecraft:furnace":1,"minecraft:bucket":1,"minecraft:campfire":1,"minecraft:stone_axe":1,"minecraft:air":0,"minecraft:iron_boots":1,"minecraft:iron_chestplate":1,"minecraft:shield":1,"minecraft:iron_axe":1,"minecraft:stick":28,"minecraft:iron_ingot":50,"minecraft:iron_pickaxe":1,"minecraft:stone_pickaxe":1,"minecraft:wooden_axe":1,"minecraft:iron_leggings":1,"minecraft:torch":52},"minecraft:custom":{"minecraft:interact_with_furnace":28,"minecraft:mob_kills":16,"minecraft:interact_with_crafting_table":25,"minecraft:interact_with_campfire":8,"minecraft:leave_game":2,"minecraft:time_since_death":43267,"minecraft:time_since_rest":43267,"minecraft:sprint_one_cm":107657,"minecraft:damage_taken":155,"minecraft:walk_one_cm":61708,"minecraft:damage_blocked_by_shield":180,"minecraft:drop":2,"minecraft:damage_dealt":1780,"minecraft:swim_one_cm":25780,"minecraft:fly_one_cm":78257,"minecraft:crouch_one_cm":242,"minecraft:play_time":43267,"minecraft:sneak_time":205,"minecraft:walk_under_water_one_cm":5962,"minecraft:jump":531,"minecraft:walk_on_water_one_cm":18447,"minecraft:total_world_time":43267,"minecraft:fall_one_cm":12708},"minecraft:mined":{"minecraft:spruce_planks":1,"minecraft:spruce_door":1,"minecraft:crafting_table":5,"minecraft:torch":1,"minecraft:granite":2,"minecraft:campfire":1,"minecraft:spruce_leaves":7,"minecraft:moss_block":1,"minecraft:diorite":18,"minecraft:wall_torch":4,"minecraft:coarse_dirt":1,"minecraft:furnace":2,"minecraft:iron_ore":49,"minecraft:spruce_log":26,"minecraft:grass":1,"minecraft:coal_ore":33,"minecraft:deepslate_iron_ore":1,"minecraft:gravel":5,"minecraft:dirt":3,"minecraft:stone":138,"minecraft:deepslate":56,"minecraft:fern":4},"minecraft:broken":{"minecraft:stone_pickaxe":1},"minecraft:used":{"minecraft:spruce_door":1,"minecraft:stone_pickaxe":132,"minecraft:spruce_planks":1,"minecraft:wooden_pickaxe":34,"minecraft:shield":1,"minecraft:brown_mushroom":1,"minecraft:iron_chestplate":1,"minecraft:torch":22,"minecraft:dirt":13,"minecraft:mutton":3,"minecraft:crafting_table":5,"minecraft:campfire":1,"minecraft:wooden_axe":15,"minecraft:iron_axe":2,"minecraft:iron_pickaxe":140,"minecraft:iron_helmet":1,"minecraft:iron_boots":1,"minecraft:spruce_sapling":1,"minecraft:stone_axe":42,"minecraft:beef":2,"minecraft:furnace":2,"minecraft:cooked_porkchop":3,"minecraft:bucket":1,"minecraft:coarse_dirt":12,"minecraft:cobbled_deepslate":1},"minecraft:picked_up":{"minecraft:charcoal":2,"minecraft:crafting_table":5,"minecraft:coarse_dirt":12,"minecraft:cooked_beef":2,"minecraft:leather":2,"minecraft:brown_mushroom":1,"minecraft:flint":1,"minecraft:dirt":32,"minecraft:cobbled_deepslate":56,"minecraft:spruce_planks":1,"minecraft:beef":4,"minecraft:furnace":2,"minecraft:raw_iron":50,"minecraft:cooked_porkchop":6,"minecraft:copper_ingot":1,"minecraft:torch":6,"minecraft:gravel":4,"minecraft:porkchop":19,"minecraft:spruce_sapling":1,"minecraft:diorite":18,"minecraft:spruce_log":26,"minecraft:spruce_door":1,"minecraft:rotten_flesh":2,"minecraft:granite":2,"minecraft:mutton":3,"minecraft:coal":46,"minecraft:white_wool":2,"minecraft:cobblestone":134}},"DataVersion":3465}