{"stats":{"minecraft:picked_up":{"minecraft:charcoal":2,"minecraft:crafting_table":10,"minecraft:coarse_dirt":12,"minecraft:cooked_beef":5,"minecraft:andesite":6,"minecraft:leather":2,"minecraft:brown_mushroom":1,"minecraft:flint":2,"minecraft:tuff":45,"minecraft:oak_log":12,"minecraft:lapis_lazuli":80,"minecraft:dirt":34,"minecraft:bone":2,"minecraft:wheat_seeds":1,"minecraft:cobbled_deepslate":265,"minecraft:raw_gold":5,"minecraft:spruce_planks":1,"minecraft:beef":6,"minecraft:furnace":3,"minecraft:raw_iron":80,"minecraft:cooked_porkchop":6,"minecraft:copper_ingot":1,"minecraft:torch":13,"minecraft:raw_iron_block":1,"minecraft:gravel":12,"minecraft:porkchop":21,"minecraft:ink_sac":3,"minecraft:spruce_sapling":1,"minecraft:diorite":18,"minecraft:white_bed":1,"minecraft:spruce_log":58,"minecraft:spruce_door":6,"minecraft:arrow":4,"minecraft:rotten_flesh":4,"minecraft:diamond":26,"minecraft:spruce_boat":2,"minecraft:granite":2,"minecraft:oak_sapling":1,"minecraft:obsidian":1,"minecraft:mutton":5,"minecraft:coal":55,"minecraft:white_wool":3,"minecraft:cobblestone":155},"minecraft:dropped":{"minecraft:gravel":7,"minecraft:wheat_seeds":1,"minecraft:cooked_beef":2,"minecraft:tuff":45,"minecraft:cobblestone":80,"minecraft:rotten_flesh":2,"minecraft:leather":2,"minecraft:granite":2,"minecraft:copper_ingot":1,"minecraft:flint":1,"minecraft:diorite":18,"minecraft:andesite":6,"minecraft:oak_sapling":1},"minecraft:mined":{"minecraft:diamond_ore":1,"minecraft:tuff":45,"minecraft:spruce_planks":1,"minecraft:white_bed":1,"minecraft:deepslate_diamond_ore":25,"minecraft:spruce_door":6,"minecraft:obsidian":2,"minecraft:crafting_table":10,"minecraft:torch":2,"minecraft:granite":2,"minecraft:campfire":1,"minecraft:cobblestone":11,"minecraft:spruce_leaves":13,"minecraft:lapis_ore":6,"minecraft:deepslate_gold_ore":5,"minecraft:moss_block":1,"minecraft:diorite":18,"minecraft:wall_torch":7,"minecraft:raw_iron_block":1,"minecraft:coarse_dirt":1,"minecraft:furnace":3,"minecraft:iron_ore":68,"minecraft:spruce_log":59,"minecraft:andesite":7,"minecraft:deepslate_lapis_ore":8,"minecraft:grass":1,"minecraft:oak_log":12,"minecraft:coal_ore":35,"minecraft:deepslate_iron_ore":12,"minecraft:gravel":12,"minecraft:dirt":5,"minecraft:stone":148,"minecraft:oak_leaves":8,"minecraft:deepslate":263,"minecraft:fern":4},"minecraft:killed":{"minecraft:pig":11,"minecraft:sheep":3,"minecraft:zombie":2,"minecraft:drowned":1,"minecraft:cow":4},"minecraft:custom":{"minecraft:interact_with_furnace":39,"minecraft:mob_kills":21,"minecraft:interact_with_crafting_table":31,"minecraft:interact_with_campfire":8,"minecraft:leave_game":2,"minecraft:time_since_death":124764,"minecraft:sleep_in_bed":3,"minecraft:climb_one_cm":338,"minecraft:time_since_rest":6815,"minecraft:sprint_one_cm":284160,"minecraft:damage_taken":547,"minecraft:walk_one_cm":179233,"minecraft:damage_blocked_by_shield":705,"minecraft:drop":15,"minecraft:damage_dealt":2210,"minecraft:swim_one_cm":101755,"minecraft:fly_one_cm":226467,"minecraft:open_chest":3,"minecraft:crouch_one_cm":620,"minecraft:play_time":124764,"minecraft:sneak_time":405,"minecraft:walk_under_water_one_cm":21143,"minecraft:boat_one_cm":162561,"minecraft:jump":1653,"minecraft:walk_on_water_one_cm":35490,"minecraft:total_world_time":124764,"minecraft:fall_one_cm":28911},"minecraft:used":{"minecraft:water_bucket":9,"minecraft:spruce_door":7,"minecraft:flint_and_steel":3,"minecraft:stone_pickaxe":132,"minecraft:spruce_planks":1,"minecraft:wooden_pickaxe":34,"minecraft:shield":12,"minecraft:brown_mushroom":1,"minecraft:iron_chestplate":1,"minecraft:torch":53,"minecraft:dirt":28,"minecraft:mutton":5,"minecraft:crafting_table":10,"minecraft:white_bed":2,"minecraft:campfire":1,"minecraft:spruce_boat":2,"minecraft:diamond_pickaxe":2,"minecraft:wooden_axe":15,"minecraft:iron_axe":80,"minecraft:iron_pickaxe":502,"minecraft:iron_helmet":1,"minecraft:iron_boots":1,"minecraft:spruce_sapling":1,"minecraft:stone_axe":42,"minecraft:cobblestone":61,"minecraft:beef":4,"minecraft:porkchop":2,"minecraft:furnace":3,"minecraft:cooked_porkchop":9,"minecraft:bucket":10,"minecraft:cooked_beef":2,"minecraft:coarse_dirt":12,"minecraft:cobbled_deepslate":102},"minecraft:crafted":{"minecraft:raw_iron":9,"minecraft:cooked_porkchop":13,"minecraft:crafting_table":1,"minecraft:spruce_planks":92,"minecraft:wooden_pickaxe":1,"minecraft:iron_helmet":1,"minecraft:spruce_door":3,"minecraft:furnace":1,"minecraft:bucket":1,"minecraft:campfire":1,"minecraft:stone_axe":1,"minecraft:air":0,"minecraft:flint_and_steel":1,"minecraft:iron_boots":1,"minecraft:iron_chestplate":1,"minecraft:diamond_pickaxe":1,"minecraft:shield":1,"minecraft:iron_axe":1,"minecraft:stick":36,"minecraft:iron_ingot":89,"minecraft:iron_pickaxe":2,"minecraft:stone_pickaxe":1,"minecraft:wooden_axe":1,"minecraft:iron_shovel":1,"minecraft:iron_leggings":1,"minecraft:white_bed":1,"minecraft:spruce_boat":1,"minecraft:torch":60},"minecraft:broken":{"minecraft:stone_pickaxe":1,"minecraft:iron_pickaxe":2}},"DataVersion":3465}