{"stats":{"minecraft:dropped":{"minecraft:iron_ingot":12,"minecraft:brown_mushroom":3,"minecraft:wheat_seeds":1,"minecraft:cooked_beef":2,"minecraft:diamond":2,"minecraft:cobblestone":80,"minecraft:leather":2,"minecraft:granite":2,"minecraft:copper_ingot":1,"minecraft:flint":1,"minecraft:diorite":18,"minecraft:gravel":7,"minecraft:stone_axe":1,"minecraft:tuff":45,"minecraft:rotten_flesh":2,"minecraft:andesite":6,"minecraft:oak_sapling":1},"minecraft:picked_up":{"minecraft:crafting_table":12,"minecraft:charcoal":2,"minecraft:iron_chestplate":1,"minecraft:coarse_dirt":12,"minecraft:brown_mushroom":9,"minecraft:iron_axe":1,"minecraft:flint_and_steel":1,"minecraft:iron_leggings":1,"minecraft:iron_shovel":1,"minecraft:cobbled_deepslate":402,"minecraft:spruce_planks":46,"minecraft:beef":6,"minecraft:furnace":5,"minecraft:iron_boots":1,"minecraft:raw_iron":80,"minecraft:copper_ingot":1,"minecraft:torch":31,"minecraft:porkchop":21,"minecraft:diorite":18,"minecraft:arrow":5,"minecraft:rotten_flesh":6,"minecraft:obsidian":3,"minecraft:mutton":20,"minecraft:white_wool":12,"minecraft:cobblestone":156,"minecraft:cooked_beef":5,"minecraft:water_bucket":1,"minecraft:andesite":6,"minecraft:leather":2,"minecraft:flint":2,"minecraft:tuff":45,"minecraft:oak_log":24,"minecraft:lapis_lazuli":160,"minecraft:dirt":63,"minecraft:white_banner":1,"minecraft:bone":4,"minecraft:wheat_seeds":1,"minecraft:raw_gold":10,"minecraft:iron_ingot":39,"minecraft:cooked_porkchop":11,"minecraft:raw_iron_block":1,"minecraft:gravel":17,"minecraft:spruce_sapling":3,"minecraft:ink_sac":6,"minecraft:white_bed":2,"minecraft:spruce_log":306,"minecraft:spruce_door":8,"minecraft:diamond":47,"minecraft:spruce_boat":5,"minecraft:stone_axe":1,"minecraft:iron_helmet":1,"minecraft:granite":2,"minecraft:crossbow":1,"minecraft:oak_sapling":1,"minecraft:coal":66,"minecraft:sunflower":1,"minecraft:diamond_pickaxe":1},"minecraft:mined":{"minecraft:diamond_ore":1,"minecraft:tuff":45,"minecraft:spruce_planks":2,"minecraft:white_bed":2,"minecraft:deepslate_diamond_ore":25,"minecraft:obsidian":3,"minecraft:granite":2,"minecraft:grass_block":3,"minecraft:spruce_leaves":18,"minecraft:moss_block":1,"minecraft:raw_iron_block":1,"minecraft:furnace":4,"minecraft:iron_ore":68,"minecraft:andesite":7,"minecraft:deepslate_lapis_ore":8,"minecraft:deepslate_iron_ore":12,"minecraft:stone":149,"minecraft:spruce_door":6,"minecraft:crafting_table":11,"minecraft:torch":2,"minecraft:campfire":1,"minecraft:cobblestone":11,"minecraft:lapis_ore":6,"minecraft:deepslate_gold_ore":5,"minecraft:diorite":18,"minecraft:wall_torch":7,"minecraft:coarse_dirt":1,"minecraft:spruce_log":167,"minecraft:grass":3,"minecraft:oak_log":12,"minecraft:coal_ore":35,"minecraft:sunflower":1,"minecraft:gravel":12,"minecraft:dirt":7,"minecraft:netherrack":1,"minecraft:oak_leaves":8,"minecraft:deepslate":263,"minecraft:fern":4},"minecraft:killed_by":{"minecraft:creeper":1},"minecraft:killed":{"minecraft:drowned":1,"minecraft:pig":11,"minecraft:sheep":12,"minecraft:pillager":2,"minecraft:zombie":2,"minecraft:cow":4},"minecraft:custom":{"minecraft:mob_kills":32,"minecraft:interact_with_crafting_table":37,"minecraft:interact_with_campfire":8,"minecraft:leave_game":4,"minecraft:time_since_death":32593,"minecraft:climb_one_cm":720,"minecraft:sprint_one_cm":540863,"minecraft:walk_one_cm":293744,"minecraft:damage_blocked_by_shield":900,"minecraft:drop":20,"minecraft:play_time":181298,"minecraft:deaths":1,"minecraft:sneak_time":1724,"minecraft:walk_under_water_one_cm":21374,"minecraft:boat_one_cm":211881,"minecraft:jump":3129,"minecraft:walk_on_water_one_cm":38166,"minecraft:total_world_time":181298,"minecraft:interact_with_furnace":45,"minecraft:sleep_in_bed":5,"minecraft:time_since_rest":8234,"minecraft:damage_taken":1382,"minecraft:damage_dealt":3486,"minecraft:swim_one_cm":107910,"minecraft:fly_one_cm":537619,"minecraft:open_chest":24,"minecraft:crouch_one_cm":3530,"minecraft:fall_one_cm":74230},"minecraft:used":{"minecraft:flint_and_steel":4,"minecraft:chest":5,"minecraft:spruce_planks":1,"minecraft:shield":15,"minecraft:iron_chestplate":1,"minecraft:torch":74,"minecraft:dirt":42,"minecraft:mutton":5,"minecraft:obsidian":2,"minecraft:spruce_boat":5,"minecraft:wooden_axe":15,"minecraft:iron_axe":214,"minecraft:iron_helmet":2,"minecraft:iron_boots":1,"minecraft:diamond_chestplate":1,"minecraft:beef":4,"minecraft:furnace":4,"minecraft:cooked_beef":2,"minecraft:cobbled_deepslate":134,"minecraft:cooked_mutton":3,"minecraft:water_bucket":14,"minecraft:spruce_door":7,"minecraft:stone_pickaxe":132,"minecraft:wooden_pickaxe":34,"minecraft:brown_mushroom":2,"minecraft:crafting_table":11,"minecraft:crossbow":3,"minecraft:white_bed":3,"minecraft:campfire":1,"minecraft:diamond_pickaxe":8,"minecraft:sunflower":1,"minecraft:iron_pickaxe":502,"minecraft:spruce_sapling":2,"minecraft:stone_axe":42,"minecraft:cobblestone":61,"minecraft:white_banner":1,"minecraft:porkchop":2,"minecraft:cooked_porkchop":19,"minecraft:bucket":15,"minecraft:coarse_dirt":12},"minecraft:broken":{"minecraft:stone_pickaxe":1,"minecraft:iron_pickaxe":2},"minecraft:crafted":{"minecraft:oak_planks":20,"minecraft:raw_iron":9,"minecraft:furnace":1,"minecraft:cooked_mutton":15,"minecraft:flint_and_steel":1,"minecraft:iron_boots":1,"minecraft:iron_axe":2,"minecraft:stone_pickaxe":1,"minecraft:chest":5,"minecraft:spruce_boat":1,"minecraft:cooked_porkchop":13,"minecraft:crafting_table":1,"minecraft:spruce_planks":92,"minecraft:wooden_pickaxe":1,"minecraft:iron_helmet":1,"minecraft:spruce_door":3,"minecraft:bucket":1,"minecraft:campfire":1,"minecraft:stone_axe":1,"minecraft:air":0,"minecraft:iron_chestplate":1,"minecraft:diamond_pickaxe":1,"minecraft:shield":2,"minecraft:stick":64,"minecraft:iron_ingot":89,"minecraft:iron_pickaxe":2,"minecraft:wooden_axe":1,"minecraft:iron_leggings":1,"minecraft:iron_shovel":1,"minecraft:gold_ingot":5,"minecraft:white_bed":1,"minecraft:torch":76,"minecraft:diamond_chestplate":1}},"DataVersion":3465}