{"stats":{"minecraft:dropped":{"minecraft:iron_ingot":12,"minecraft:brown_mushroom":3,"minecraft:wheat_seeds":2,"minecraft:cooked_beef":2,"minecraft:diamond":2,"minecraft:cobblestone":80,"minecraft:leather":2,"minecraft:granite":2,"minecraft:copper_ingot":1,"minecraft:stick":1,"minecraft:flint":1,"minecraft:diorite":18,"minecraft:wooden_hoe":1,"minecraft:gravel":7,"minecraft:stone_axe":2,"minecraft:tuff":45,"minecraft:rotten_flesh":2,"minecraft:andesite":6,"minecraft:oak_sapling":1},"minecraft:picked_up":{"minecraft:crafting_table":15,"minecraft:charcoal":2,"minecraft:iron_chestplate":1,"minecraft:coarse_dirt":12,"minecraft:wheat":4,"minecraft:brown_mushroom":9,"minecraft:stone_brick_stairs":1,"minecraft:raw_copper":15,"minecraft:iron_axe":1,"minecraft:flint_and_steel":1,"minecraft:iron_leggings":1,"minecraft:iron_shovel":1,"minecraft:cobbled_deepslate":1010,"minecraft:spruce_planks":79,"minecraft:beef":8,"minecraft:sugar_cane":40,"minecraft:chest":7,"minecraft:birch_sapling":1,"minecraft:furnace":7,"minecraft:iron_boots":1,"minecraft:egg":1,"minecraft:stick":1,"minecraft:raw_iron":161,"minecraft:copper_ingot":1,"minecraft:torch":37,"minecraft:porkchop":21,"minecraft:diorite":35,"minecraft:redstone":53,"minecraft:arrow":5,"minecraft:rotten_flesh":8,"minecraft:gold_ingot":5,"minecraft:obsidian":3,"minecraft:mutton":24,"minecraft:white_wool":24,"minecraft:cobblestone":467,"minecraft:birch_log":25,"minecraft:magma_block":2,"minecraft:cooked_beef":5,"minecraft:water_bucket":1,"minecraft:andesite":99,"minecraft:leather":3,"minecraft:flint":4,"minecraft:tuff":156,"minecraft:oak_log":89,"minecraft:gunpowder":11,"minecraft:lapis_lazuli":263,"minecraft:dirt":70,"minecraft:white_banner":1,"minecraft:bone":4,"minecraft:wheat_seeds":17,"minecraft:raw_gold":18,"minecraft:cobbled_deepslate_slab":1,"minecraft:iron_ingot":39,"minecraft:smooth_basalt":2,"minecraft:cooked_porkchop":11,"minecraft:raw_iron_block":1,"minecraft:gravel":43,"minecraft:sand":4,"minecraft:spruce_sapling":3,"minecraft:ink_sac":9,"minecraft:white_bed":4,"minecraft:spruce_log":370,"minecraft:spruce_door":8,"minecraft:diamond":116,"minecraft:spruce_boat":5,"minecraft:stone_axe":1,"minecraft:iron_helmet":1,"minecraft:granite":56,"minecraft:crossbow":1,"minecraft:andesite_slab":1,"minecraft:oak_sapling":2,"minecraft:netherrack":154,"minecraft:coal":118,"minecraft:diamond_pickaxe":1,"minecraft:sunflower":1},"minecraft:mined":{"minecraft:diamond_ore":1,"minecraft:tuff":156,"minecraft:spruce_planks":36,"minecraft:farmland":1,"minecraft:white_bed":4,"minecraft:deepslate_diamond_ore":87,"minecraft:obsidian":3,"minecraft:cobbled_deepslate_slab":1,"minecraft:granite":56,"minecraft:grass_block":6,"minecraft:spruce_leaves":18,"minecraft:moss_block":1,"minecraft:magma_block":2,"minecraft:raw_iron_block":1,"minecraft:furnace":6,"minecraft:iron_ore":117,"minecraft:andesite":100,"minecraft:deepslate_lapis_ore":12,"minecraft:deepslate_iron_ore":44,"minecraft:stone":460,"minecraft:deepslate_redstone_ore":13,"minecraft:spruce_door":6,"minecraft:crafting_table":14,"minecraft:torch":7,"minecraft:chest":7,"minecraft:andesite_slab":2,"minecraft:campfire":1,"minecraft:copper_ore":6,"minecraft:cobblestone":11,"minecraft:lapis_ore":6,"minecraft:deepslate_gold_ore":13,"minecraft:sugar_cane":28,"minecraft:diorite":35,"minecraft:wall_torch":8,"minecraft:coarse_dirt":1,"minecraft:birch_log":10,"minecraft:wheat":8,"minecraft:spruce_log":167,"minecraft:stone_brick_stairs":1,"minecraft:grass":11,"minecraft:oak_log":14,"minecraft:coal_ore":88,"minecraft:sunflower":1,"minecraft:gravel":37,"minecraft:sand":4,"minecraft:dirt":10,"minecraft:smooth_basalt":2,"minecraft:netherrack":157,"minecraft:oak_leaves":8,"minecraft:deepslate":738,"minecraft:fern":4},"minecraft:killed_by":{"minecraft:creeper":1,"minecraft:zombie":1},"minecraft:killed":{"minecraft:drowned":1,"minecraft:pig":11,"minecraft:sheep":15,"minecraft:pillager":2,"minecraft:zombie":3,"minecraft:cow":5},"minecraft:custom":{"minecraft:mob_kills":37,"minecraft:animals_bred":2,"minecraft:inspect_hopper":3,"minecraft:interact_with_crafting_table":59,"minecraft:interact_with_campfire":8,"minecraft:leave_game":8,"minecraft:time_since_death":90649,"minecraft:climb_one_cm":720,"minecraft:sprint_one_cm":670972,"minecraft:walk_one_cm":486083,"minecraft:damage_blocked_by_shield":1290,"minecraft:drop":24,"minecraft:play_time":297488,"minecraft:sneak_time":11777,"minecraft:deaths":2,"minecraft:walk_under_water_one_cm":44433,"minecraft:boat_one_cm":211881,"minecraft:jump":4530,"minecraft:walk_on_water_one_cm":44428,"minecraft:total_world_time":297488,"minecraft:interact_with_furnace":78,"minecraft:sleep_in_bed":11,"minecraft:time_since_rest":42976,"minecraft:damage_taken":1830,"minecraft:damage_dealt":4217,"minecraft:swim_one_cm":141207,"minecraft:fly_one_cm":768351,"minecraft:open_chest":94,"minecraft:crouch_one_cm":42679,"minecraft:fall_one_cm":98348},"minecraft:used":{"minecraft:iron_shovel":19,"minecraft:flint_and_steel":4,"minecraft:chest":17,"minecraft:spruce_planks":387,"minecraft:shield":16,"minecraft:netherrack":70,"minecraft:iron_chestplate":2,"minecraft:torch":98,"minecraft:dirt":55,"minecraft:mutton":5,"minecraft:white_carpet":3,"minecraft:hopper":4,"minecraft:granite":54,"minecraft:obsidian":2,"minecraft:spruce_boat":5,"minecraft:wooden_axe":15,"minecraft:iron_axe":219,"minecraft:birch_sapling":1,"minecraft:iron_helmet":2,"minecraft:iron_boots":1,"minecraft:stone_brick_stairs":1,"minecraft:smooth_basalt":2,"minecraft:diamond_chestplate":1,"minecraft:beef":6,"minecraft:oak_sapling":1,"minecraft:furnace":6,"minecraft:egg":1,"minecraft:cooked_beef":2,"minecraft:cobbled_deepslate":138,"minecraft:golden_boots":1,"minecraft:wheat_seeds":15,"minecraft:cooked_mutton":11,"minecraft:water_bucket":28,"minecraft:diorite":6,"minecraft:spruce_door":7,"minecraft:stone_pickaxe":132,"minecraft:andesite_slab":73,"minecraft:wooden_pickaxe":34,"minecraft:brown_mushroom":2,"minecraft:diamond_axe":37,"minecraft:oak_leaves":6,"minecraft:sand":4,"minecraft:crafting_table":16,"minecraft:crossbow":3,"minecraft:white_bed":6,"minecraft:campfire":1,"minecraft:oak_log":1,"minecraft:wooden_hoe":9,"minecraft:diamond_pickaxe":1469,"minecraft:sunflower":1,"minecraft:iron_pickaxe":502,"minecraft:leather_helmet":1,"minecraft:gravel":10,"minecraft:spruce_sapling":2,"minecraft:golden_leggings":1,"minecraft:stone_axe":74,"minecraft:cobbled_deepslate_slab":45,"minecraft:cobblestone":175,"minecraft:birch_log":3,"minecraft:porkchop":2,"minecraft:white_banner":1,"minecraft:cooked_porkchop":19,"minecraft:andesite":31,"minecraft:bucket":29,"minecraft:coarse_dirt":12},"minecraft:broken":{"minecraft:stone_pickaxe":1,"minecraft:iron_pickaxe":2},"minecraft:crafted":{"minecraft:cobbled_deepslate_slab":60,"minecraft:oak_planks":24,"minecraft:raw_iron":9,"minecraft:furnace":2,"minecraft:white_carpet":3,"minecraft:cooked_mutton":30,"minecraft:flint_and_steel":1,"minecraft:hopper":4,"minecraft:iron_boots":2,"minecraft:iron_axe":2,"minecraft:stone_pickaxe":1,"minecraft:chest":14,"minecraft:spruce_boat":1,"minecraft:cooked_porkchop":13,"minecraft:diamond_axe":1,"minecraft:crafting_table":3,"minecraft:spruce_planks":604,"minecraft:wooden_pickaxe":1,"minecraft:iron_helmet":2,"minecraft:spruce_door":3,"minecraft:leather_helmet":1,"minecraft:bucket":2,"minecraft:campfire":1,"minecraft:stone_axe":1,"minecraft:air":0,"minecraft:iron_chestplate":1,"minecraft:wooden_hoe":1,"minecraft:diamond_pickaxe":2,"minecraft:shield":3,"minecraft:stick":80,"minecraft:andesite_slab":72,"minecraft:iron_ingot":134,"minecraft:iron_pickaxe":2,"minecraft:wooden_axe":1,"minecraft:iron_shovel":2,"minecraft:iron_leggings":2,"minecraft:gold_ingot":5,"minecraft:white_bed":1,"minecraft:torch":108,"minecraft:diamond_chestplate":1}},"DataVersion":3465}