{"stats":{"minecraft:dropped":{"minecraft:iron_ingot":12,"minecraft:brown_mushroom":3,"minecraft:wheat_seeds":1,"minecraft:cooked_beef":2,"minecraft:diamond":2,"minecraft:cobblestone":80,"minecraft:leather":2,"minecraft:granite":2,"minecraft:copper_ingot":1,"minecraft:flint":1,"minecraft:diorite":18,"minecraft:gravel":7,"minecraft:stone_axe":1,"minecraft:tuff":45,"minecraft:rotten_flesh":2,"minecraft:andesite":6,"minecraft:oak_sapling":1},"minecraft:picked_up":{"minecraft:crafting_table":14,"minecraft:charcoal":2,"minecraft:iron_chestplate":1,"minecraft:coarse_dirt":12,"minecraft:brown_mushroom":9,"minecraft:stone_brick_stairs":1,"minecraft:raw_copper":15,"minecraft:iron_axe":1,"minecraft:flint_and_steel":1,"minecraft:iron_leggings":1,"minecraft:iron_shovel":1,"minecraft:cobbled_deepslate":1010,"minecraft:spruce_planks":46,"minecraft:beef":8,"minecraft:sugar_cane":40,"minecraft:chest":7,"minecraft:egg":1,"minecraft:furnace":6,"minecraft:iron_boots":1,"minecraft:raw_iron":153,"minecraft:copper_ingot":1,"minecraft:torch":32,"minecraft:porkchop":21,"minecraft:diorite":34,"minecraft:redstone":53,"minecraft:arrow":5,"minecraft:rotten_flesh":8,"minecraft:gold_ingot":5,"minecraft:obsidian":3,"minecraft:mutton":24,"minecraft:white_wool":24,"minecraft:cobblestone":454,"minecraft:magma_block":2,"minecraft:cooked_beef":5,"minecraft:water_bucket":1,"minecraft:andesite":53,"minecraft:leather":3,"minecraft:flint":4,"minecraft:tuff":156,"minecraft:oak_log":25,"minecraft:gunpowder":11,"minecraft:lapis_lazuli":263,"minecraft:dirt":63,"minecraft:white_banner":1,"minecraft:bone":4,"minecraft:wheat_seeds":1,"minecraft:raw_gold":18,"minecraft:iron_ingot":39,"minecraft:smooth_basalt":2,"minecraft:cooked_porkchop":11,"minecraft:raw_iron_block":1,"minecraft:gravel":42,"minecraft:spruce_sapling":3,"minecraft:ink_sac":9,"minecraft:white_bed":4,"minecraft:spruce_log":370,"minecraft:spruce_door":8,"minecraft:diamond":116,"minecraft:spruce_boat":5,"minecraft:stone_axe":1,"minecraft:iron_helmet":1,"minecraft:granite":56,"minecraft:crossbow":1,"minecraft:oak_sapling":1,"minecraft:netherrack":152,"minecraft:coal":99,"minecraft:diamond_pickaxe":1,"minecraft:sunflower":1},"minecraft:mined":{"minecraft:diamond_ore":1,"minecraft:tuff":156,"minecraft:spruce_planks":2,"minecraft:white_bed":4,"minecraft:deepslate_diamond_ore":87,"minecraft:obsidian":3,"minecraft:granite":56,"minecraft:grass_block":3,"minecraft:spruce_leaves":18,"minecraft:moss_block":1,"minecraft:magma_block":2,"minecraft:raw_iron_block":1,"minecraft:furnace":5,"minecraft:iron_ore":109,"minecraft:andesite":54,"minecraft:deepslate_lapis_ore":12,"minecraft:deepslate_iron_ore":44,"minecraft:stone":447,"minecraft:deepslate_redstone_ore":13,"minecraft:spruce_door":6,"minecraft:crafting_table":13,"minecraft:torch":3,"minecraft:chest":7,"minecraft:campfire":1,"minecraft:copper_ore":6,"minecraft:cobblestone":11,"minecraft:lapis_ore":6,"minecraft:deepslate_gold_ore":13,"minecraft:sugar_cane":28,"minecraft:diorite":34,"minecraft:wall_torch":7,"minecraft:coarse_dirt":1,"minecraft:spruce_log":167,"minecraft:stone_brick_stairs":1,"minecraft:grass":10,"minecraft:oak_log":13,"minecraft:coal_ore":69,"minecraft:sunflower":1,"minecraft:gravel":36,"minecraft:dirt":7,"minecraft:smooth_basalt":2,"minecraft:netherrack":155,"minecraft:oak_leaves":8,"minecraft:deepslate":738,"minecraft:fern":4},"minecraft:killed_by":{"minecraft:creeper":1,"minecraft:zombie":1},"minecraft:killed":{"minecraft:drowned":1,"minecraft:pig":11,"minecraft:sheep":15,"minecraft:pillager":2,"minecraft:zombie":3,"minecraft:cow":5},"minecraft:custom":{"minecraft:mob_kills":37,"minecraft:interact_with_crafting_table":53,"minecraft:interact_with_campfire":8,"minecraft:leave_game":6,"minecraft:time_since_death":45621,"minecraft:climb_one_cm":720,"minecraft:sprint_one_cm":633775,"minecraft:walk_one_cm":419113,"minecraft:damage_blocked_by_shield":1290,"minecraft:drop":20,"minecraft:play_time":252460,"minecraft:deaths":2,"minecraft:sneak_time":1874,"minecraft:walk_under_water_one_cm":21608,"minecraft:boat_one_cm":211881,"minecraft:jump":3909,"minecraft:walk_on_water_one_cm":40210,"minecraft:total_world_time":252460,"minecraft:interact_with_furnace":67,"minecraft:sleep_in_bed":9,"minecraft:time_since_rest":11980,"minecraft:damage_taken":1700,"minecraft:damage_dealt":4217,"minecraft:swim_one_cm":121247,"minecraft:fly_one_cm":687094,"minecraft:open_chest":61,"minecraft:crouch_one_cm":3921,"minecraft:fall_one_cm":89772},"minecraft:used":{"minecraft:flint_and_steel":4,"minecraft:chest":9,"minecraft:spruce_planks":1,"minecraft:shield":16,"minecraft:netherrack":4,"minecraft:iron_chestplate":2,"minecraft:torch":79,"minecraft:dirt":48,"minecraft:mutton":5,"minecraft:white_carpet":3,"minecraft:obsidian":2,"minecraft:spruce_boat":5,"minecraft:wooden_axe":15,"minecraft:iron_axe":219,"minecraft:iron_helmet":2,"minecraft:iron_boots":1,"minecraft:stone_brick_stairs":1,"minecraft:smooth_basalt":2,"minecraft:diamond_chestplate":1,"minecraft:beef":6,"minecraft:furnace":6,"minecraft:egg":1,"minecraft:cooked_beef":2,"minecraft:cobbled_deepslate":138,"minecraft:golden_boots":1,"minecraft:cooked_mutton":6,"minecraft:water_bucket":14,"minecraft:spruce_door":7,"minecraft:stone_pickaxe":132,"minecraft:wooden_pickaxe":34,"minecraft:brown_mushroom":2,"minecraft:diamond_axe":23,"minecraft:oak_leaves":6,"minecraft:crafting_table":15,"minecraft:crossbow":3,"minecraft:white_bed":5,"minecraft:campfire":1,"minecraft:diamond_pickaxe":1375,"minecraft:sunflower":1,"minecraft:iron_pickaxe":502,"minecraft:leather_helmet":1,"minecraft:gravel":7,"minecraft:spruce_sapling":2,"minecraft:golden_leggings":1,"minecraft:stone_axe":42,"minecraft:cobblestone":69,"minecraft:white_banner":1,"minecraft:porkchop":2,"minecraft:cooked_porkchop":19,"minecraft:bucket":15,"minecraft:coarse_dirt":12},"minecraft:broken":{"minecraft:stone_pickaxe":1,"minecraft:iron_pickaxe":2},"minecraft:crafted":{"minecraft:oak_planks":24,"minecraft:raw_iron":9,"minecraft:furnace":2,"minecraft:white_carpet":3,"minecraft:cooked_mutton":20,"minecraft:flint_and_steel":1,"minecraft:iron_boots":2,"minecraft:iron_axe":2,"minecraft:stone_pickaxe":1,"minecraft:chest":5,"minecraft:spruce_boat":1,"minecraft:cooked_porkchop":13,"minecraft:diamond_axe":1,"minecraft:crafting_table":3,"minecraft:spruce_planks":108,"minecraft:wooden_pickaxe":1,"minecraft:iron_helmet":2,"minecraft:spruce_door":3,"minecraft:leather_helmet":1,"minecraft:bucket":2,"minecraft:campfire":1,"minecraft:stone_axe":1,"minecraft:air":0,"minecraft:iron_chestplate":1,"minecraft:diamond_pickaxe":2,"minecraft:shield":3,"minecraft:stick":76,"minecraft:iron_ingot":115,"minecraft:iron_pickaxe":2,"minecraft:wooden_axe":1,"minecraft:iron_leggings":2,"minecraft:iron_shovel":1,"minecraft:gold_ingot":5,"minecraft:white_bed":1,"minecraft:torch":108,"minecraft:diamond_chestplate":1}},"DataVersion":3465}