{"stats":{"minecraft:crafted":{"minecraft:cooked_porkchop":13,"minecraft:crafting_table":1,"minecraft:spruce_planks":92,"minecraft:wooden_pickaxe":1,"minecraft:furnace":1,"minecraft:campfire":1,"minecraft:stone_axe":1,"minecraft:air":0,"minecraft:shield":1,"minecraft:stick":28,"minecraft:iron_ingot":5,"minecraft:iron_pickaxe":1,"minecraft:stone_pickaxe":1,"minecraft:wooden_axe":1,"minecraft:torch":52},"minecraft:killed":{"minecraft:pig":10,"minecraft:sheep":2,"minecraft:zombie":1,"minecraft:drowned":1,"minecraft:cow":2},"minecraft:dropped":{"minecraft:cooked_beef":2},"minecraft:mined":{"minecraft:spruce_planks":1,"minecraft:crafting_table":4,"minecraft:granite":2,"minecraft:campfire":1,"minecraft:spruce_leaves":7,"minecraft:moss_block":1,"minecraft:diorite":2,"minecraft:wall_torch":2,"minecraft:coarse_dirt":1,"minecraft:furnace":1,"minecraft:iron_ore":31,"minecraft:spruce_log":26,"minecraft:grass":1,"minecraft:coal_ore":33,"minecraft:dirt":3,"minecraft:stone":57,"minecraft:fern":4},"minecraft:picked_up":{"minecraft:charcoal":2,"minecraft:crafting_table":4,"minecraft:coarse_dirt":12,"minecraft:cooked_beef":2,"minecraft:leather":2,"minecraft:brown_mushroom":1,"minecraft:dirt":32,"minecraft:spruce_planks":1,"minecraft:beef":4,"minecraft:furnace":1,"minecraft:raw_iron":31,"minecraft:cooked_porkchop":6,"minecraft:copper_ingot":1,"minecraft:torch":3,"minecraft:porkchop":19,"minecraft:spruce_sapling":1,"minecraft:diorite":2,"minecraft:spruce_log":26,"minecraft:rotten_flesh":2,"minecraft:granite":2,"minecraft:mutton":3,"minecraft:coal":33,"minecraft:white_wool":2,"minecraft:cobblestone":53},"minecraft:custom":{"minecraft:interact_with_furnace":13,"minecraft:mob_kills":16,"minecraft:interact_with_crafting_table":11,"minecraft:interact_with_campfire":8,"minecraft:leave_game":1,"minecraft:time_since_death":31116,"minecraft:time_since_rest":31116,"minecraft:sprint_one_cm":95299,"minecraft:damage_taken":155,"minecraft:walk_one_cm":43755,"minecraft:damage_blocked_by_shield":180,"minecraft:drop":2,"minecraft:damage_dealt":1780,"minecraft:swim_one_cm":22910,"minecraft:fly_one_cm":75482,"minecraft:crouch_one_cm":240,"minecraft:play_time":31116,"minecraft:sneak_time":186,"minecraft:walk_under_water_one_cm":5040,"minecraft:jump":439,"minecraft:walk_on_water_one_cm":16194,"minecraft:total_world_time":31116,"minecraft:fall_one_cm":12499},"minecraft:used":{"minecraft:stone_pickaxe":95,"minecraft:wooden_pickaxe":34,"minecraft:spruce_planks":1,"minecraft:shield":1,"minecraft:brown_mushroom":1,"minecraft:torch":15,"minecraft:dirt":13,"minecraft:mutton":3,"minecraft:crafting_table":5,"minecraft:campfire":1,"minecraft:wooden_axe":15,"minecraft:spruce_sapling":1,"minecraft:stone_axe":41,"minecraft:beef":2,"minecraft:furnace":2,"minecraft:cooked_porkchop":3,"minecraft:coarse_dirt":12}},"DataVersion":3465}