{"stats":{"minecraft:dropped":{"minecraft:iron_ingot":12,"minecraft:wheat_seeds":1,"minecraft:cooked_beef":2,"minecraft:diamond":2,"minecraft:cobblestone":80,"minecraft:leather":2,"minecraft:granite":2,"minecraft:copper_ingot":1,"minecraft:flint":1,"minecraft:diorite":18,"minecraft:gravel":7,"minecraft:tuff":45,"minecraft:rotten_flesh":2,"minecraft:andesite":6,"minecraft:oak_sapling":1},"minecraft:picked_up":{"minecraft:charcoal":2,"minecraft:coarse_dirt":12,"minecraft:crafting_table":10,"minecraft:brown_mushroom":5,"minecraft:cobbled_deepslate":265,"minecraft:spruce_planks":2,"minecraft:beef":6,"minecraft:furnace":3,"minecraft:raw_iron":80,"minecraft:copper_ingot":1,"minecraft:torch":14,"minecraft:porkchop":21,"minecraft:diorite":18,"minecraft:arrow":4,"minecraft:rotten_flesh":4,"minecraft:mutton":5,"minecraft:obsidian":1,"minecraft:white_wool":3,"minecraft:cobblestone":155,"minecraft:cooked_beef":5,"minecraft:andesite":6,"minecraft:leather":2,"minecraft:flint":2,"minecraft:tuff":45,"minecraft:oak_log":12,"minecraft:lapis_lazuli":80,"minecraft:dirt":34,"minecraft:white_banner":1,"minecraft:bone":4,"minecraft:wheat_seeds":1,"minecraft:raw_gold":5,"minecraft:cooked_porkchop":6,"minecraft:raw_iron_block":1,"minecraft:gravel":12,"minecraft:spruce_sapling":2,"minecraft:ink_sac":3,"minecraft:white_bed":1,"minecraft:spruce_log":166,"minecraft:spruce_door":6,"minecraft:diamond":26,"minecraft:spruce_boat":3,"minecraft:granite":2,"minecraft:oak_sapling":1,"minecraft:coal":55},"minecraft:mined":{"minecraft:diamond_ore":1,"minecraft:tuff":45,"minecraft:spruce_planks":2,"minecraft:white_bed":1,"minecraft:deepslate_diamond_ore":25,"minecraft:obsidian":2,"minecraft:granite":2,"minecraft:spruce_leaves":14,"minecraft:moss_block":1,"minecraft:raw_iron_block":1,"minecraft:furnace":3,"minecraft:iron_ore":68,"minecraft:andesite":7,"minecraft:deepslate_lapis_ore":8,"minecraft:deepslate_iron_ore":12,"minecraft:stone":148,"minecraft:spruce_door":6,"minecraft:crafting_table":10,"minecraft:torch":2,"minecraft:campfire":1,"minecraft:cobblestone":11,"minecraft:deepslate_gold_ore":5,"minecraft:lapis_ore":6,"minecraft:diorite":18,"minecraft:wall_torch":7,"minecraft:coarse_dirt":1,"minecraft:spruce_log":167,"minecraft:grass":3,"minecraft:coal_ore":35,"minecraft:oak_log":12,"minecraft:gravel":12,"minecraft:dirt":5,"minecraft:oak_leaves":8,"minecraft:deepslate":263,"minecraft:fern":4},"minecraft:killed_by":{"minecraft:creeper":1},"minecraft:killed":{"minecraft:drowned":1,"minecraft:pig":11,"minecraft:sheep":3,"minecraft:pillager":2,"minecraft:zombie":2,"minecraft:cow":4},"minecraft:custom":{"minecraft:mob_kills":23,"minecraft:interact_with_crafting_table":31,"minecraft:interact_with_campfire":8,"minecraft:leave_game":2,"minecraft:time_since_death":59,"minecraft:climb_one_cm":644,"minecraft:sprint_one_cm":371914,"minecraft:walk_one_cm":257470,"minecraft:damage_blocked_by_shield":900,"minecraft:drop":18,"minecraft:play_time":148764,"minecraft:deaths":1,"minecraft:sneak_time":1645,"minecraft:walk_under_water_one_cm":21143,"minecraft:boat_one_cm":179469,"minecraft:jump":2103,"minecraft:walk_on_water_one_cm":36843,"minecraft:total_world_time":148764,"minecraft:interact_with_furnace":39,"minecraft:sleep_in_bed":4,"minecraft:time_since_rest":123,"minecraft:damage_taken":1130,"minecraft:damage_dealt":2766,"minecraft:swim_one_cm":101755,"minecraft:fly_one_cm":287568,"minecraft:open_chest":6,"minecraft:crouch_one_cm":3392,"minecraft:fall_one_cm":37488},"minecraft:used":{"minecraft:flint_and_steel":3,"minecraft:spruce_planks":1,"minecraft:shield":15,"minecraft:iron_chestplate":1,"minecraft:torch":57,"minecraft:dirt":28,"minecraft:mutton":5,"minecraft:spruce_boat":3,"minecraft:wooden_axe":15,"minecraft:iron_axe":199,"minecraft:iron_helmet":1,"minecraft:iron_boots":1,"minecraft:beef":4,"minecraft:furnace":3,"minecraft:cooked_beef":2,"minecraft:cobbled_deepslate":128,"minecraft:water_bucket":14,"minecraft:spruce_door":7,"minecraft:stone_pickaxe":132,"minecraft:wooden_pickaxe":34,"minecraft:brown_mushroom":1,"minecraft:crafting_table":10,"minecraft:crossbow":3,"minecraft:campfire":1,"minecraft:white_bed":2,"minecraft:diamond_pickaxe":2,"minecraft:iron_pickaxe":502,"minecraft:spruce_sapling":1,"minecraft:stone_axe":42,"minecraft:cobblestone":61,"minecraft:cooked_porkchop":14,"minecraft:white_banner":1,"minecraft:porkchop":2,"minecraft:bucket":15,"minecraft:coarse_dirt":12},"minecraft:broken":{"minecraft:stone_pickaxe":1,"minecraft:iron_pickaxe":2},"minecraft:crafted":{"minecraft:raw_iron":9,"minecraft:furnace":1,"minecraft:flint_and_steel":1,"minecraft:iron_boots":1,"minecraft:iron_axe":1,"minecraft:stone_pickaxe":1,"minecraft:spruce_boat":1,"minecraft:cooked_porkchop":13,"minecraft:crafting_table":1,"minecraft:spruce_planks":92,"minecraft:wooden_pickaxe":1,"minecraft:iron_helmet":1,"minecraft:spruce_door":3,"minecraft:bucket":1,"minecraft:campfire":1,"minecraft:stone_axe":1,"minecraft:air":0,"minecraft:iron_chestplate":1,"minecraft:diamond_pickaxe":1,"minecraft:shield":1,"minecraft:stick":36,"minecraft:iron_ingot":89,"minecraft:iron_pickaxe":2,"minecraft:wooden_axe":1,"minecraft:iron_shovel":1,"minecraft:iron_leggings":1,"minecraft:white_bed":1,"minecraft:torch":60}},"DataVersion":3465}