{"stats":{"minecraft:dropped":{"minecraft:water_bucket":1,"minecraft:iron_ingot":12,"minecraft:brown_mushroom":3,"minecraft:wheat_seeds":9,"minecraft:cooked_beef":2,"minecraft:diamond":2,"minecraft:cobblestone":80,"minecraft:leather":2,"minecraft:granite":10,"minecraft:copper_ingot":1,"minecraft:flint":1,"minecraft:stick":1,"minecraft:diorite":18,"minecraft:wooden_hoe":1,"minecraft:gravel":7,"minecraft:stone_axe":2,"minecraft:tuff":45,"minecraft:rotten_flesh":2,"minecraft:spruce_planks":4,"minecraft:iron_chestplate":1,"minecraft:andesite":6,"minecraft:oak_sapling":1},"minecraft:picked_up":{"minecraft:charcoal":2,"minecraft:coarse_dirt":12,"minecraft:crafting_table":17,"minecraft:iron_chestplate":3,"minecraft:wheat":4,"minecraft:chicken":16,"minecraft:brown_mushroom":9,"minecraft:stone_brick_stairs":1,"minecraft:shield":1,"minecraft:raw_copper":15,"minecraft:iron_axe":1,"minecraft:flint_and_steel":1,"minecraft:iron_leggings":1,"minecraft:iron_shovel":2,"minecraft:cobbled_deepslate":1030,"minecraft:spruce_planks":174,"minecraft:beef":8,"minecraft:iron_pickaxe":1,"minecraft:furnace":8,"minecraft:sugar_cane":40,"minecraft:chest":7,"minecraft:birch_sapling":5,"minecraft:iron_boots":1,"minecraft:egg":5,"minecraft:stick":7,"minecraft:raw_iron":183,"minecraft:copper_ingot":1,"minecraft:torch":54,"minecraft:porkchop":27,"minecraft:diorite":51,"minecraft:redstone":53,"minecraft:arrow":5,"minecraft:rotten_flesh":8,"minecraft:gold_ingot":5,"minecraft:obsidian":3,"minecraft:mutton":29,"minecraft:white_wool":27,"minecraft:cobblestone":826,"minecraft:birch_log":37,"minecraft:magma_block":2,"minecraft:feather":12,"minecraft:cooked_beef":5,"minecraft:water_bucket":2,"minecraft:andesite":99,"minecraft:leather":3,"minecraft:flint":4,"minecraft:tuff":156,"minecraft:oak_log":112,"minecraft:gunpowder":11,"minecraft:lapis_lazuli":263,"minecraft:dirt":300,"minecraft:white_banner":1,"minecraft:bone":4,"minecraft:wheat_seeds":24,"minecraft:raw_gold":18,"minecraft:cobbled_deepslate_slab":4,"minecraft:iron_ingot":50,"minecraft:cooked_chicken":2,"minecraft:smooth_basalt":2,"minecraft:cooked_porkchop":17,"minecraft:raw_iron_block":1,"minecraft:gravel":45,"minecraft:sand":124,"minecraft:spruce_sapling":10,"minecraft:ink_sac":9,"minecraft:white_bed":4,"minecraft:spruce_log":376,"minecraft:spruce_door":8,"minecraft:diamond":136,"minecraft:spruce_boat":5,"minecraft:stone_axe":2,"minecraft:iron_helmet":1,"minecraft:crossbow":1,"minecraft:granite":60,"minecraft:oak_sapling":4,"minecraft:netherrack":157,"minecraft:coal":210,"minecraft:andesite_slab":1,"minecraft:sunflower":1,"minecraft:diamond_pickaxe":1},"minecraft:mined":{"minecraft:diamond_ore":1,"minecraft:tuff":156,"minecraft:spruce_planks":125,"minecraft:white_bed":4,"minecraft:farmland":1,"minecraft:deepslate_diamond_ore":87,"minecraft:obsidian":3,"minecraft:cobbled_deepslate_slab":4,"minecraft:granite":56,"minecraft:grass_block":230,"minecraft:spruce_leaves":51,"minecraft:moss_block":1,"minecraft:raw_iron_block":1,"minecraft:magma_block":2,"minecraft:oak_trapdoor":3,"minecraft:spruce_sapling":4,"minecraft:furnace":8,"minecraft:iron_ore":139,"minecraft:cobbled_deepslate":21,"minecraft:andesite":100,"minecraft:deepslate_lapis_ore":12,"minecraft:deepslate_iron_ore":44,"minecraft:stone":633,"minecraft:deepslate_redstone_ore":13,"minecraft:spruce_door":6,"minecraft:crafting_table":16,"minecraft:torch":7,"minecraft:chest":7,"minecraft:andesite_slab":2,"minecraft:campfire":1,"minecraft:copper_ore":6,"minecraft:tall_grass":3,"minecraft:cobblestone":25,"minecraft:deepslate_gold_ore":13,"minecraft:lapis_ore":6,"minecraft:sugar_cane":28,"minecraft:diorite":43,"minecraft:wall_torch":8,"minecraft:coarse_dirt":1,"minecraft:birch_log":22,"minecraft:wheat":8,"minecraft:spruce_log":173,"minecraft:birch_leaves":1,"minecraft:stone_brick_stairs":1,"minecraft:grass":45,"minecraft:oak_log":37,"minecraft:coal_ore":101,"minecraft:sunflower":1,"minecraft:gravel":39,"minecraft:sand":125,"minecraft:dirt":19,"minecraft:smooth_basalt":2,"minecraft:netherrack":160,"minecraft:deepslate":738,"minecraft:oak_leaves":15,"minecraft:fern":4},"minecraft:killed_by":{"minecraft:creeper":1,"minecraft:zombie":2},"minecraft:killed":{"minecraft:chicken":9,"minecraft:drowned":1,"minecraft:pig":14,"minecraft:sheep":18,"minecraft:pillager":2,"minecraft:zombie":3,"minecraft:cow":5},"minecraft:custom":{"minecraft:mob_kills":52,"minecraft:animals_bred":2,"minecraft:inspect_hopper":3,"minecraft:interact_with_crafting_table":80,"minecraft:interact_with_campfire":8,"minecraft:leave_game":12,"minecraft:time_since_death":45927,"minecraft:climb_one_cm":720,"minecraft:sprint_one_cm":777441,"minecraft:walk_one_cm":739113,"minecraft:damage_blocked_by_shield":1290,"minecraft:drop":31,"minecraft:play_time":376647,"minecraft:sneak_time":18847,"minecraft:deaths":4,"minecraft:walk_under_water_one_cm":59126,"minecraft:boat_one_cm":211881,"minecraft:jump":5396,"minecraft:walk_on_water_one_cm":51351,"minecraft:total_world_time":376647,"minecraft:interact_with_furnace":95,"minecraft:sleep_in_bed":11,"minecraft:time_since_rest":46003,"minecraft:damage_taken":2393,"minecraft:damage_dealt":5262,"minecraft:swim_one_cm":197049,"minecraft:fly_one_cm":964518,"minecraft:open_chest":118,"minecraft:crouch_one_cm":76002,"minecraft:fall_one_cm":122363},"minecraft:used":{"minecraft:oak_trapdoor":81,"minecraft:iron_shovel":283,"minecraft:flint_and_steel":4,"minecraft:chest":17,"minecraft:spruce_planks":407,"minecraft:shield":16,"minecraft:netherrack":157,"minecraft:iron_chestplate":4,"minecraft:torch":101,"minecraft:dirt":62,"minecraft:mutton":5,"minecraft:white_carpet":3,"minecraft:hopper":4,"minecraft:obsidian":2,"minecraft:tuff":64,"minecraft:granite":54,"minecraft:spruce_boat":5,"minecraft:wooden_axe":15,"minecraft:iron_axe":251,"minecraft:birch_sapling":1,"minecraft:iron_helmet":2,"minecraft:iron_boots":1,"minecraft:stone_brick_stairs":1,"minecraft:smooth_basalt":2,"minecraft:diamond_chestplate":1,"minecraft:beef":6,"minecraft:oak_sapling":1,"minecraft:furnace":9,"minecraft:egg":5,"minecraft:cooked_beef":2,"minecraft:cobbled_deepslate":680,"minecraft:golden_boots":1,"minecraft:cooked_mutton":16,"minecraft:wheat_seeds":15,"minecraft:water_bucket":43,"minecraft:diorite":14,"minecraft:spruce_door":7,"minecraft:birch_planks":4,"minecraft:stone_pickaxe":132,"minecraft:oak_planks":27,"minecraft:andesite_slab":73,"minecraft:wooden_pickaxe":34,"minecraft:brown_mushroom":2,"minecraft:diamond_axe":172,"minecraft:oak_leaves":6,"minecraft:white_wool":3,"minecraft:sand":18,"minecraft:crafting_table":19,"minecraft:crossbow":3,"minecraft:white_bed":6,"minecraft:campfire":1,"minecraft:oak_log":3,"minecraft:wooden_hoe":9,"minecraft:diamond_pickaxe":1501,"minecraft:diamond_shovel":121,"minecraft:sunflower":1,"minecraft:iron_pickaxe":729,"minecraft:leather_helmet":1,"minecraft:spruce_trapdoor":50,"minecraft:gravel":12,"minecraft:spruce_sapling":9,"minecraft:golden_leggings":1,"minecraft:stone_axe":81,"minecraft:cobbled_deepslate_slab":120,"minecraft:cobblestone":435,"minecraft:andesite":41,"minecraft:porkchop":2,"minecraft:white_banner":1,"minecraft:cooked_porkchop":19,"minecraft:bucket":45,"minecraft:birch_log":6,"minecraft:coarse_dirt":12},"minecraft:broken":{"minecraft:iron_shovel":1,"minecraft:stone_pickaxe":1,"minecraft:iron_pickaxe":2},"minecraft:crafted":{"minecraft:cobbled_deepslate_slab":144,"minecraft:oak_planks":380,"minecraft:raw_iron":9,"minecraft:cooked_chicken":7,"minecraft:furnace":4,"minecraft:diamond_shovel":1,"minecraft:white_carpet":3,"minecraft:cooked_mutton":35,"minecraft:oak_trapdoor":84,"minecraft:flint_and_steel":1,"minecraft:hopper":4,"minecraft:iron_boots":2,"minecraft:iron_axe":3,"minecraft:stone_pickaxe":1,"minecraft:chest":14,"minecraft:spruce_boat":1,"minecraft:cooked_porkchop":13,"minecraft:diamond_axe":1,"minecraft:crafting_table":5,"minecraft:spruce_planks":628,"minecraft:wooden_pickaxe":1,"minecraft:iron_helmet":3,"minecraft:spruce_door":3,"minecraft:leather_helmet":1,"minecraft:bucket":2,"minecraft:birch_planks":88,"minecraft:campfire":1,"minecraft:stone_axe":1,"minecraft:air":0,"minecraft:spruce_trapdoor":50,"minecraft:wooden_hoe":1,"minecraft:iron_chestplate":1,"minecraft:diamond_pickaxe":3,"minecraft:shield":3,"minecraft:stick":84,"minecraft:andesite_slab":72,"minecraft:iron_ingot":157,"minecraft:iron_pickaxe":3,"minecraft:birch_trapdoor":28,"minecraft:wooden_axe":1,"minecraft:iron_shovel":2,"minecraft:iron_leggings":3,"minecraft:gold_ingot":5,"minecraft:white_bed":1,"minecraft:torch":108,"minecraft:diamond_chestplate":1}},"DataVersion":3465}