{"stats":{"minecraft:dropped":{"minecraft:stone_axe":2,"minecraft:oak_slab":2,"minecraft:brown_mushroom":2,"minecraft:wheat_seeds":1,"minecraft:bowl":2,"minecraft:dirt":7,"minecraft:diorite":1,"minecraft:wooden_axe":2,"minecraft:flowering_azalea":1,"minecraft:wooden_pickaxe":2,"minecraft:stone_pickaxe":1,"minecraft:paper":1},"minecraft:picked_up":{"minecraft:wooden_axe":1,"minecraft:birch_log":28,"minecraft:crafting_table":10,"minecraft:leather_chestplate":13,"minecraft:cooked_beef":7,"minecraft:suspicious_stew":4,"minecraft:leather":6,"minecraft:brown_mushroom":5,"minecraft:wooden_pickaxe":1,"minecraft:smoker":1,"minecraft:oak_log":28,"minecraft:lapis_lazuli":8,"minecraft:paper":6,"minecraft:dirt":41,"minecraft:iron_axe":1,"minecraft:bone":6,"minecraft:wheat_seeds":1,"minecraft:spruce_planks":92,"minecraft:iron_ingot":10,"minecraft:beef":18,"minecraft:stone_pickaxe":6,"minecraft:oak_boat":13,"minecraft:azalea":1,"minecraft:iron_nugget":14,"minecraft:iron_pickaxe":1,"minecraft:sugar_cane":140,"minecraft:oak_planks":20,"minecraft:flowering_azalea":6,"minecraft:furnace":2,"minecraft:oak_slab":4,"minecraft:stick":67,"minecraft:raw_iron":8,"minecraft:torch":13,"minecraft:bowl":3,"minecraft:porkchop":8,"minecraft:sand":24,"minecraft:spruce_sapling":3,"minecraft:diorite":1,"minecraft:white_bed":4,"minecraft:spruce_log":46,"minecraft:carrot":13,"minecraft:spruce_door":15,"minecraft:dark_oak_planks":2,"minecraft:arrow":22,"minecraft:rotten_flesh":29,"minecraft:diamond":2,"minecraft:spruce_boat":2,"minecraft:stone_axe":7,"minecraft:emerald":22,"minecraft:dark_oak_fence":1,"minecraft:black_wool":6,"minecraft:coal":2,"minecraft:mutton":6,"minecraft:white_wool":3,"minecraft:cobblestone":94},"minecraft:mined":{"minecraft:dark_oak_planks":2,"minecraft:oak_slab":2,"minecraft:spruce_planks":23,"minecraft:white_bed":4,"minecraft:smoker":1,"minecraft:spruce_door":1,"minecraft:crafting_table":7,"minecraft:torch":7,"minecraft:dark_oak_fence":1,"minecraft:grass_block":2,"minecraft:tall_grass":1,"minecraft:cobblestone":3,"minecraft:spruce_leaves":6,"minecraft:oak_planks":1,"minecraft:diorite":1,"minecraft:wall_torch":1,"minecraft:large_fern":1,"minecraft:seagrass":1,"minecraft:furnace":2,"minecraft:iron_ore":6,"minecraft:spruce_log":31,"minecraft:sand":4,"minecraft:grass":3,"minecraft:coal_ore":2,"minecraft:oak_log":14,"minecraft:flowering_azalea_leaves":8,"minecraft:dirt":8,"minecraft:azalea_leaves":9,"minecraft:stone":73,"minecraft:fern":3},"minecraft:killed_by":{"minecraft:player":1,"minecraft:skeleton":4,"minecraft:creeper":1,"minecraft:zombie":2},"minecraft:killed":{"minecraft:pig":4,"minecraft:sheep":5,"minecraft:zombie":5,"minecraft:cow":4},"minecraft:custom":{"minecraft:interact_with_furnace":3,"minecraft:mob_kills":19,"minecraft:interact_with_crafting_table":8,"minecraft:leave_game":1,"minecraft:time_since_death":16062,"minecraft:sleep_in_bed":3,"minecraft:time_since_rest":6815,"minecraft:sprint_one_cm":294874,"minecraft:damage_taken":3080,"minecraft:walk_one_cm":108495,"minecraft:drop":17,"minecraft:damage_dealt":2421,"minecraft:swim_one_cm":49952,"minecraft:fly_one_cm":177284,"minecraft:open_chest":5,"minecraft:crouch_one_cm":9908,"minecraft:play_time":96072,"minecraft:walk_under_water_one_cm":34311,"minecraft:sneak_time":5344,"minecraft:deaths":10,"minecraft:boat_one_cm":610836,"minecraft:jump":1075,"minecraft:walk_on_water_one_cm":18323,"minecraft:interact_with_smoker":1,"minecraft:total_world_time":96072,"minecraft:fall_one_cm":26449},"minecraft:used":{"minecraft:azalea":1,"minecraft:spruce_door":3,"minecraft:stone_pickaxe":28,"minecraft:oak_planks":14,"minecraft:spruce_planks":16,"minecraft:leather_chestplate":3,"minecraft:rotten_flesh":1,"minecraft:torch":10,"minecraft:dirt":3,"minecraft:sand":4,"minecraft:crafting_table":8,"minecraft:carrot":5,"minecraft:white_bed":4,"minecraft:smoker":1,"minecraft:spruce_boat":2,"minecraft:oak_log":7,"minecraft:wooden_axe":11,"minecraft:iron_axe":42,"minecraft:suspicious_stew":1,"minecraft:iron_pickaxe":81,"minecraft:stone_axe":80,"minecraft:beef":3,"minecraft:cobblestone":64,"minecraft:furnace":2,"minecraft:porkchop":8,"minecraft:oak_boat":12,"minecraft:cooked_beef":1},"minecraft:crafted":{"minecraft:oak_planks":28,"minecraft:crafting_table":3,"minecraft:spruce_planks":88,"minecraft:wooden_pickaxe":1,"minecraft:spruce_door":3,"minecraft:furnace":2,"minecraft:air":0,"minecraft:oak_boat":1,"minecraft:shield":1,"minecraft:iron_axe":1,"minecraft:stick":16,"minecraft:iron_ingot":4,"minecraft:iron_pickaxe":1,"minecraft:wooden_axe":1,"minecraft:white_bed":1,"minecraft:spruce_boat":1,"minecraft:smoker":1}},"DataVersion":3465}