{"stats":{"minecraft:dropped":{"minecraft:oak_slab":2,"minecraft:brown_mushroom":6,"minecraft:wheat_seeds":2,"minecraft:cobblestone":7,"minecraft:granite":5,"minecraft:mossy_stone_brick_stairs":1,"minecraft:spruce_door":1,"minecraft:stick":1,"minecraft:dirt":9,"minecraft:diorite":1,"minecraft:dark_oak_fence":1,"minecraft:cornflower":1,"minecraft:wooden_axe":2,"minecraft:flowering_azalea":1,"minecraft:paper":1,"minecraft:bone":2,"minecraft:stone_axe":2,"minecraft:iron_nugget":1,"minecraft:bowl":2,"minecraft:rotten_flesh":13,"minecraft:chiseled_stone_bricks":1,"minecraft:spruce_planks":17,"minecraft:iron_bars":1,"minecraft:wooden_pickaxe":2,"minecraft:stone_pickaxe":1,"minecraft:stone_brick_stairs":1,"minecraft:netherrack":10},"minecraft:picked_up":{"minecraft:wooden_axe":1,"minecraft:crafting_table":16,"minecraft:suspicious_stew":4,"minecraft:brown_mushroom":9,"minecraft:wooden_pickaxe":1,"minecraft:stone_brick_stairs":1,"minecraft:cornflower":1,"minecraft:iron_axe":1,"minecraft:spruce_planks":115,"minecraft:beef":18,"minecraft:oak_boat":14,"minecraft:azalea":1,"minecraft:iron_nugget":14,"minecraft:iron_pickaxe":1,"minecraft:sugar_cane":140,"minecraft:furnace":2,"minecraft:stick":67,"minecraft:raw_iron":29,"minecraft:torch":20,"minecraft:bowl":3,"minecraft:porkchop":8,"minecraft:diorite":1,"minecraft:carrot":13,"minecraft:dark_oak_planks":2,"minecraft:arrow":22,"minecraft:rotten_flesh":42,"minecraft:mutton":8,"minecraft:iron_bars":1,"minecraft:cobblestone":134,"minecraft:white_wool":3,"minecraft:birch_log":28,"minecraft:leather_chestplate":13,"minecraft:magma_block":3,"minecraft:cooked_beef":7,"minecraft:salmon":1,"minecraft:andesite":4,"minecraft:leather":6,"minecraft:smoker":2,"minecraft:oak_log":28,"minecraft:paper":6,"minecraft:dirt":47,"minecraft:lapis_lazuli":8,"minecraft:purple_carpet":1,"minecraft:bone":6,"minecraft:wheat_seeds":2,"minecraft:stone_pickaxe":6,"minecraft:iron_ingot":27,"minecraft:mossy_stone_brick_stairs":1,"minecraft:flowering_azalea":6,"minecraft:oak_planks":20,"minecraft:oak_slab":4,"minecraft:pumpkin":2,"minecraft:sweet_berries":16,"minecraft:chiseled_stone_bricks":1,"minecraft:stone_brick_slab":2,"minecraft:sand":24,"minecraft:spruce_sapling":3,"minecraft:white_bed":8,"minecraft:spruce_log":65,"minecraft:spruce_door":15,"minecraft:diamond":4,"minecraft:spruce_boat":6,"minecraft:stone_axe":7,"minecraft:granite":5,"minecraft:emerald":22,"minecraft:netherrack":54,"minecraft:black_wool":6,"minecraft:dark_oak_fence":1,"minecraft:coal":30},"minecraft:mined":{"minecraft:dark_oak_planks":3,"minecraft:crying_obsidian":1,"minecraft:spruce_planks":30,"minecraft:white_bed":9,"minecraft:glow_lichen":1,"minecraft:granite":5,"minecraft:dark_oak_fence":1,"minecraft:grass_block":3,"minecraft:spruce_leaves":7,"minecraft:chiseled_stone_bricks":1,"minecraft:large_fern":1,"minecraft:magma_block":5,"minecraft:furnace":3,"minecraft:iron_ore":22,"minecraft:andesite":4,"minecraft:pumpkin":2,"minecraft:mossy_stone_brick_stairs":1,"minecraft:flowering_azalea_leaves":8,"minecraft:purple_carpet":1,"minecraft:iron_bars":2,"minecraft:azalea_leaves":9,"minecraft:stone":104,"minecraft:podzol":3,"minecraft:oak_slab":2,"minecraft:smoker":2,"minecraft:stone_brick_slab":2,"minecraft:spruce_door":1,"minecraft:crafting_table":13,"minecraft:cornflower":1,"minecraft:torch":9,"minecraft:tall_grass":1,"minecraft:cobblestone":13,"minecraft:oak_planks":1,"minecraft:diorite":1,"minecraft:wall_torch":5,"minecraft:seagrass":1,"minecraft:sweet_berry_bush":3,"minecraft:spruce_log":51,"minecraft:stone_brick_stairs":3,"minecraft:grass":3,"minecraft:oak_log":14,"minecraft:coal_ore":26,"minecraft:sand":4,"minecraft:dirt":10,"minecraft:cracked_stone_bricks":1,"minecraft:stone_bricks":1,"minecraft:netherrack":63,"minecraft:mossy_stone_bricks":1,"minecraft:fern":5},"minecraft:killed_by":{"minecraft:player":1,"minecraft:creeper":1,"minecraft:skeleton":4,"minecraft:zombie":2},"minecraft:killed":{"minecraft:pig":4,"minecraft:salmon":1,"minecraft:sheep":6,"minecraft:pillager":1,"minecraft:zombie":5,"minecraft:cow":4},"minecraft:custom":{"minecraft:mob_kills":23,"minecraft:interact_with_crafting_table":22,"minecraft:fill_cauldron":1,"minecraft:leave_game":2,"minecraft:time_since_death":87190,"minecraft:climb_one_cm":1765,"minecraft:sprint_one_cm":433923,"minecraft:walk_one_cm":207982,"minecraft:drop":44,"minecraft:talked_to_villager":1,"minecraft:play_time":167200,"minecraft:deaths":10,"minecraft:sneak_time":19377,"minecraft:walk_under_water_one_cm":52848,"minecraft:boat_one_cm":784433,"minecraft:jump":1855,"minecraft:walk_on_water_one_cm":33057,"minecraft:total_world_time":167200,"minecraft:interact_with_furnace":5,"minecraft:sleep_in_bed":4,"minecraft:time_since_rest":65088,"minecraft:damage_taken":3877,"minecraft:damage_dealt":3300,"minecraft:swim_one_cm":79720,"minecraft:fly_one_cm":255480,"minecraft:open_chest":7,"minecraft:crouch_one_cm":41662,"minecraft:interact_with_smoker":3,"minecraft:use_cauldron":1,"minecraft:fall_one_cm":44652},"minecraft:used":{"minecraft:azalea":1,"minecraft:spruce_planks":28,"minecraft:cooked_salmon":1,"minecraft:rotten_flesh":8,"minecraft:netherrack":40,"minecraft:torch":24,"minecraft:dirt":7,"minecraft:mutton":2,"minecraft:carrot":5,"minecraft:spruce_boat":8,"minecraft:stone_brick_slab":2,"minecraft:dark_oak_planks":2,"minecraft:wooden_axe":11,"minecraft:lava_bucket":21,"minecraft:iron_axe":92,"minecraft:iron_helmet":1,"minecraft:iron_boots":1,"minecraft:magma_block":3,"minecraft:beef":3,"minecraft:sweet_berries":14,"minecraft:goat_horn":16,"minecraft:furnace":3,"minecraft:cooked_beef":7,"minecraft:pumpkin":2,"minecraft:water_bucket":13,"minecraft:spruce_door":4,"minecraft:stone_pickaxe":28,"minecraft:oak_planks":14,"minecraft:leather_chestplate":3,"minecraft:sand":4,"minecraft:crafting_table":17,"minecraft:white_bed":9,"minecraft:smoker":2,"minecraft:oak_log":7,"minecraft:diamond_pickaxe":89,"minecraft:suspicious_stew":1,"minecraft:iron_pickaxe":170,"minecraft:stone_axe":80,"minecraft:cobblestone":92,"minecraft:porkchop":8,"minecraft:andesite":4,"minecraft:bucket":36,"minecraft:oak_boat":13,"minecraft:purple_carpet":1,"minecraft:experience_bottle":1},"minecraft:crafted":{"minecraft:oak_planks":28,"minecraft:furnace":2,"minecraft:iron_boots":1,"minecraft:iron_axe":1,"minecraft:spruce_boat":4,"minecraft:smoker":1,"minecraft:crafting_table":6,"minecraft:spruce_planks":128,"minecraft:wooden_pickaxe":1,"minecraft:iron_helmet":1,"minecraft:spruce_door":6,"minecraft:cooked_salmon":1,"minecraft:bucket":1,"minecraft:air":0,"minecraft:oak_boat":1,"minecraft:diamond_pickaxe":1,"minecraft:shield":2,"minecraft:stick":16,"minecraft:iron_ingot":9,"minecraft:iron_pickaxe":1,"minecraft:wooden_axe":1,"minecraft:iron_leggings":1,"minecraft:white_bed":1,"minecraft:torch":8}},"DataVersion":3465}