{"stats":{"minecraft:crafted":{"minecraft:oak_planks":28,"minecraft:crafting_table":3,"minecraft:spruce_planks":88,"minecraft:wooden_pickaxe":1,"minecraft:spruce_door":3,"minecraft:oak_boat":1,"minecraft:shield":1,"minecraft:iron_axe":1,"minecraft:stick":16,"minecraft:iron_pickaxe":1,"minecraft:wooden_axe":1,"minecraft:white_bed":1,"minecraft:spruce_boat":1},"minecraft:killed":{"minecraft:sheep":5,"minecraft:zombie":4},"minecraft:killed_by":{"minecraft:player":1,"minecraft:skeleton":4,"minecraft:creeper":1,"minecraft:zombie":1},"minecraft:dropped":{"minecraft:stone_axe":2,"minecraft:oak_slab":2,"minecraft:brown_mushroom":2,"minecraft:wheat_seeds":1,"minecraft:bowl":2,"minecraft:dirt":7,"minecraft:wooden_axe":2,"minecraft:flowering_azalea":1,"minecraft:stone_pickaxe":1,"minecraft:wooden_pickaxe":2,"minecraft:paper":1},"minecraft:mined":{"minecraft:oak_slab":2,"minecraft:spruce_planks":8,"minecraft:white_bed":2,"minecraft:spruce_door":1,"minecraft:crafting_table":6,"minecraft:torch":4,"minecraft:grass_block":2,"minecraft:cobblestone":1,"minecraft:spruce_leaves":6,"minecraft:oak_planks":1,"minecraft:large_fern":1,"minecraft:seagrass":1,"minecraft:spruce_log":23,"minecraft:oak_log":14,"minecraft:flowering_azalea_leaves":8,"minecraft:dirt":8,"minecraft:azalea_leaves":9,"minecraft:stone":20,"minecraft:fern":3},"minecraft:picked_up":{"minecraft:wooden_axe":1,"minecraft:birch_log":28,"minecraft:crafting_table":8,"minecraft:leather_chestplate":12,"minecraft:suspicious_stew":4,"minecraft:brown_mushroom":5,"minecraft:wooden_pickaxe":1,"minecraft:oak_log":28,"minecraft:lapis_lazuli":4,"minecraft:dirt":41,"minecraft:paper":6,"minecraft:bone":4,"minecraft:wheat_seeds":1,"minecraft:spruce_planks":52,"minecraft:iron_ingot":9,"minecraft:stone_pickaxe":6,"minecraft:oak_boat":3,"minecraft:azalea":1,"minecraft:iron_nugget":7,"minecraft:sugar_cane":120,"minecraft:oak_planks":20,"minecraft:flowering_azalea":6,"minecraft:oak_slab":4,"minecraft:stick":62,"minecraft:torch":8,"minecraft:bowl":3,"minecraft:sand":20,"minecraft:spruce_sapling":3,"minecraft:white_bed":2,"minecraft:spruce_log":32,"minecraft:carrot":13,"minecraft:spruce_door":13,"minecraft:arrow":16,"minecraft:rotten_flesh":22,"minecraft:diamond":1,"minecraft:stone_axe":7,"minecraft:spruce_boat":2,"minecraft:emerald":11,"minecraft:black_wool":6,"minecraft:mutton":6,"minecraft:white_wool":3,"minecraft:cobblestone":39},"minecraft:custom":{"minecraft:mob_kills":10,"minecraft:interact_with_crafting_table":7,"minecraft:time_since_death":14143,"minecraft:sleep_in_bed":1,"minecraft:time_since_rest":14184,"minecraft:sprint_one_cm":168462,"minecraft:damage_taken":2718,"minecraft:walk_one_cm":63541,"minecraft:drop":16,"minecraft:damage_dealt":1461,"minecraft:swim_one_cm":27497,"minecraft:fly_one_cm":113917,"minecraft:open_chest":3,"minecraft:crouch_one_cm":5077,"minecraft:play_time":57839,"minecraft:sneak_time":2809,"minecraft:deaths":9,"minecraft:walk_under_water_one_cm":22626,"minecraft:boat_one_cm":341213,"minecraft:jump":636,"minecraft:walk_on_water_one_cm":11144,"minecraft:total_world_time":57839,"minecraft:fall_one_cm":18725},"minecraft:used":{"minecraft:azalea":1,"minecraft:spruce_door":2,"minecraft:stone_pickaxe":28,"minecraft:oak_planks":14,"minecraft:spruce_planks":16,"minecraft:leather_chestplate":2,"minecraft:rotten_flesh":1,"minecraft:torch":6,"minecraft:dirt":3,"minecraft:crafting_table":7,"minecraft:carrot":5,"minecraft:white_bed":2,"minecraft:oak_log":7,"minecraft:spruce_boat":2,"minecraft:wooden_axe":11,"minecraft:iron_axe":3,"minecraft:suspicious_stew":1,"minecraft:stone_axe":80,"minecraft:cobblestone":25,"minecraft:oak_boat":2}},"DataVersion":3465}