{"stats":{"minecraft:crafted":{"minecraft:crafting_table":2,"minecraft:spruce_planks":72,"minecraft:stick":16,"minecraft:wooden_pickaxe":1,"minecraft:wooden_axe":1,"minecraft:spruce_door":3,"minecraft:spruce_boat":1},"minecraft:killed_by":{"minecraft:player":1,"minecraft:creeper":1,"minecraft:zombie":1},"minecraft:dropped":{"minecraft:brown_mushroom":2,"minecraft:wheat_seeds":1,"minecraft:wooden_axe":1,"minecraft:wooden_pickaxe":1},"minecraft:mined":{"minecraft:large_fern":1,"minecraft:seagrass":1,"minecraft:spruce_log":19,"minecraft:crafting_table":3,"minecraft:torch":1,"minecraft:spruce_leaves":6,"minecraft:fern":2},"minecraft:picked_up":{"minecraft:birch_log":7,"minecraft:stick":7,"minecraft:crafting_table":4,"minecraft:leather_chestplate":1,"minecraft:brown_mushroom":5,"minecraft:torch":3,"minecraft:wooden_pickaxe":1,"minecraft:spruce_sapling":3,"minecraft:carrot":4,"minecraft:spruce_log":28,"minecraft:spruce_boat":1,"minecraft:stone_axe":1,"minecraft:wheat_seeds":1,"minecraft:spruce_planks":44,"minecraft:stone_pickaxe":1,"minecraft:sugar_cane":20,"minecraft:cobblestone":2,"minecraft:wooden_axe":1},"minecraft:custom":{"minecraft:time_since_rest":13783,"minecraft:sprint_one_cm":41982,"minecraft:damage_taken":949,"minecraft:walk_one_cm":23142,"minecraft:drop":5,"minecraft:damage_dealt":30,"minecraft:interact_with_crafting_table":3,"minecraft:swim_one_cm":5940,"minecraft:fly_one_cm":28543,"minecraft:open_chest":2,"minecraft:crouch_one_cm":865,"minecraft:play_time":21839,"minecraft:deaths":3,"minecraft:sneak_time":388,"minecraft:walk_under_water_one_cm":13348,"minecraft:boat_one_cm":166396,"minecraft:jump":183,"minecraft:time_since_death":13751,"minecraft:walk_on_water_one_cm":5439,"minecraft:total_world_time":21839,"minecraft:fall_one_cm":6484},"minecraft:used":{"minecraft:spruce_boat":1,"minecraft:wooden_axe":11,"minecraft:spruce_door":1,"minecraft:stone_axe":2,"minecraft:torch":2,"minecraft:crafting_table":3,"minecraft:carrot":2}},"DataVersion":3465}