{"stats":{"minecraft:dropped":{"minecraft:oak_slab":2,"minecraft:brown_mushroom":6,"minecraft:wheat_seeds":3,"minecraft:lapis_lazuli":6,"minecraft:cobblestone":7,"minecraft:granite":5,"minecraft:mossy_stone_brick_stairs":1,"minecraft:spruce_door":1,"minecraft:stick":1,"minecraft:dirt":108,"minecraft:diorite":1,"minecraft:dark_oak_fence":1,"minecraft:cornflower":1,"minecraft:wooden_axe":3,"minecraft:flowering_azalea":2,"minecraft:iron_pickaxe":2,"minecraft:paper":1,"minecraft:bone":2,"minecraft:stone_axe":3,"minecraft:iron_nugget":1,"minecraft:bowl":2,"minecraft:raw_iron":12,"minecraft:rotten_flesh":18,"minecraft:clay_ball":12,"minecraft:chiseled_stone_bricks":1,"minecraft:spruce_planks":17,"minecraft:iron_bars":1,"minecraft:wooden_pickaxe":3,"minecraft:stone_pickaxe":2,"minecraft:stone_brick_stairs":1,"minecraft:netherrack":10,"minecraft:egg":1},"minecraft:picked_up":{"minecraft:wooden_axe":1,"minecraft:crafting_table":24,"minecraft:wheat":14,"minecraft:chicken":3,"minecraft:clay_ball":12,"minecraft:suspicious_stew":4,"minecraft:brown_mushroom":9,"minecraft:wooden_pickaxe":1,"minecraft:stone_brick_stairs":1,"minecraft:string":1,"minecraft:moss_carpet":1,"minecraft:cornflower":3,"minecraft:iron_axe":1,"minecraft:spruce_planks":123,"minecraft:beef":18,"minecraft:oak_boat":17,"minecraft:azalea":1,"minecraft:iron_nugget":14,"minecraft:iron_pickaxe":2,"minecraft:sugar_cane":140,"minecraft:egg":2,"minecraft:furnace":3,"minecraft:stick":67,"minecraft:raw_iron":87,"minecraft:torch":36,"minecraft:bowl":3,"minecraft:porkchop":8,"minecraft:diorite":8,"minecraft:carrot":13,"minecraft:dark_oak_planks":2,"minecraft:arrow":29,"minecraft:rotten_flesh":60,"minecraft:glow_berries":10,"minecraft:mutton":17,"minecraft:iron_bars":1,"minecraft:cobblestone":229,"minecraft:white_wool":7,"minecraft:oxeye_daisy":2,"minecraft:birch_log":28,"minecraft:magma_block":3,"minecraft:leather_chestplate":13,"minecraft:feather":5,"minecraft:cooked_beef":7,"minecraft:andesite":10,"minecraft:salmon":1,"minecraft:brown_wool":1,"minecraft:leather":6,"minecraft:smoker":4,"minecraft:oak_log":37,"minecraft:golden_boots":1,"minecraft:paper":6,"minecraft:dirt":351,"minecraft:lapis_lazuli":14,"minecraft:cooked_mutton":4,"minecraft:purple_carpet":1,"minecraft:bone":11,"minecraft:wheat_seeds":49,"minecraft:cooked_chicken":2,"minecraft:stone_pickaxe":6,"minecraft:iron_ingot":27,"minecraft:moss_block":6,"minecraft:mossy_stone_brick_stairs":1,"minecraft:flowering_azalea":7,"minecraft:oak_planks":20,"minecraft:oak_slab":4,"minecraft:pumpkin":2,"minecraft:sweet_berries":19,"minecraft:chiseled_stone_bricks":1,"minecraft:stone_brick_slab":2,"minecraft:gravel":1,"minecraft:sand":24,"minecraft:spruce_sapling":3,"minecraft:white_bed":8,"minecraft:spruce_log":87,"minecraft:spider_eye":1,"minecraft:spruce_door":15,"minecraft:diamond":4,"minecraft:spruce_boat":6,"minecraft:stone_axe":7,"minecraft:granite":13,"minecraft:emerald":22,"minecraft:baked_potato":1,"minecraft:netherrack":60,"minecraft:black_wool":6,"minecraft:dark_oak_fence":1,"minecraft:coal":61},"minecraft:mined":{"minecraft:dark_oak_planks":3,"minecraft:crying_obsidian":1,"minecraft:spruce_planks":38,"minecraft:white_bed":9,"minecraft:cave_vines_plant":2,"minecraft:glow_lichen":1,"minecraft:granite":13,"minecraft:dark_oak_fence":1,"minecraft:grass_block":251,"minecraft:spruce_leaves":13,"minecraft:moss_block":6,"minecraft:chiseled_stone_bricks":1,"minecraft:tall_seagrass":2,"minecraft:large_fern":1,"minecraft:magma_block":5,"minecraft:furnace":4,"minecraft:iron_ore":67,"minecraft:fire":17,"minecraft:andesite":10,"minecraft:pumpkin":2,"minecraft:mossy_stone_brick_stairs":1,"minecraft:cave_vines":6,"minecraft:deepslate_iron_ore":1,"minecraft:flowering_azalea_leaves":8,"minecraft:iron_bars":2,"minecraft:purple_carpet":1,"minecraft:azalea_leaves":9,"minecraft:stone":197,"minecraft:podzol":5,"minecraft:oak_slab":2,"minecraft:smoker":4,"minecraft:stone_brick_slab":2,"minecraft:spruce_door":1,"minecraft:clay":3,"minecraft:crafting_table":21,"minecraft:cornflower":1,"minecraft:torch":14,"minecraft:tall_grass":2,"minecraft:cobblestone":13,"minecraft:lapis_ore":1,"minecraft:oak_planks":1,"minecraft:diorite":8,"minecraft:wall_torch":16,"minecraft:seagrass":1,"minecraft:wheat":14,"minecraft:sweet_berry_bush":3,"minecraft:spruce_log":74,"minecraft:stone_brick_stairs":3,"minecraft:grass":21,"minecraft:oak_log":23,"minecraft:coal_ore":43,"minecraft:gravel":1,"minecraft:sand":4,"minecraft:dirt":30,"minecraft:cracked_stone_bricks":1,"minecraft:stone_bricks":1,"minecraft:netherrack":63,"minecraft:mossy_stone_bricks":1,"minecraft:fern":5},"minecraft:killed_by":{"minecraft:player":1,"minecraft:creeper":2,"minecraft:skeleton":4,"minecraft:zombie":2},"minecraft:killed":{"minecraft:spider":2,"minecraft:skeleton":6,"minecraft:chicken":2,"minecraft:drowned":1,"minecraft:pig":4,"minecraft:salmon":3,"minecraft:sheep":12,"minecraft:pillager":1,"minecraft:zombie":17,"minecraft:cow":4},"minecraft:custom":{"minecraft:mob_kills":56,"minecraft:animals_bred":3,"minecraft:interact_with_crafting_table":48,"minecraft:fill_cauldron":1,"minecraft:leave_game":3,"minecraft:time_since_death":78939,"minecraft:climb_one_cm":2778,"minecraft:sprint_one_cm":622836,"minecraft:walk_one_cm":444650,"minecraft:damage_blocked_by_shield":2565,"minecraft:drop":163,"minecraft:talked_to_villager":1,"minecraft:play_time":251004,"minecraft:sneak_time":25605,"minecraft:deaths":15,"minecraft:walk_under_water_one_cm":60595,"minecraft:boat_one_cm":987353,"minecraft:jump":2675,"minecraft:walk_on_water_one_cm":45844,"minecraft:total_world_time":251004,"minecraft:interact_with_furnace":37,"minecraft:sleep_in_bed":5,"minecraft:time_since_rest":17647,"minecraft:damage_taken":6466,"minecraft:damage_dealt":7813,"minecraft:swim_one_cm":89739,"minecraft:fly_one_cm":317926,"minecraft:open_chest":16,"minecraft:crouch_one_cm":54112,"minecraft:interact_with_smoker":13,"minecraft:fall_one_cm":66602,"minecraft:use_cauldron":1},"minecraft:used":{"minecraft:azalea":1,"minecraft:moss_block":6,"minecraft:moss_carpet":1,"minecraft:iron_shovel":265,"minecraft:spruce_planks":63,"minecraft:shield":51,"minecraft:cooked_chicken":3,"minecraft:cooked_salmon":1,"minecraft:rotten_flesh":11,"minecraft:netherrack":44,"minecraft:iron_chestplate":1,"minecraft:torch":39,"minecraft:dirt":200,"minecraft:mutton":2,"minecraft:carrot":5,"minecraft:granite":8,"minecraft:iron_hoe":127,"minecraft:spruce_boat":9,"minecraft:stone_brick_slab":2,"minecraft:dark_oak_planks":2,"minecraft:wooden_axe":18,"minecraft:lava_bucket":23,"minecraft:iron_axe":197,"minecraft:iron_helmet":2,"minecraft:iron_boots":3,"minecraft:magma_block":3,"minecraft:beef":3,"minecraft:sweet_berries":19,"minecraft:goat_horn":16,"minecraft:furnace":4,"minecraft:egg":1,"minecraft:cooked_beef":14,"minecraft:golden_boots":1,"minecraft:pumpkin":2,"minecraft:iron_leggings":1,"minecraft:wheat_seeds":46,"minecraft:cooked_mutton":6,"minecraft:water_bucket":13,"minecraft:diorite":7,"minecraft:spruce_door":4,"minecraft:stone_pickaxe":133,"minecraft:baked_potato":1,"minecraft:oak_planks":29,"minecraft:wooden_pickaxe":7,"minecraft:leather_chestplate":3,"minecraft:glow_berries":10,"minecraft:sand":4,"minecraft:crafting_table":24,"minecraft:white_bed":10,"minecraft:smoker":4,"minecraft:oak_log":7,"minecraft:oxeye_daisy":2,"minecraft:diamond_pickaxe":90,"minecraft:iron_pickaxe":258,"minecraft:suspicious_stew":1,"minecraft:gravel":1,"minecraft:stone_axe":83,"minecraft:cobblestone":169,"minecraft:porkchop":8,"minecraft:andesite":10,"minecraft:bucket":38,"minecraft:oak_boat":16,"minecraft:purple_carpet":1,"minecraft:experience_bottle":1},"minecraft:broken":{"minecraft:iron_shovel":1,"minecraft:shield":1},"minecraft:crafted":{"minecraft:oak_planks":48,"minecraft:cooked_chicken":1,"minecraft:furnace":3,"minecraft:cooked_mutton":5,"minecraft:iron_boots":2,"minecraft:iron_axe":2,"minecraft:iron_hoe":1,"minecraft:stone_pickaxe":1,"minecraft:spruce_boat":5,"minecraft:smoker":2,"minecraft:cooked_beef":7,"minecraft:crafting_table":6,"minecraft:spruce_planks":232,"minecraft:wooden_pickaxe":2,"minecraft:iron_helmet":2,"minecraft:spruce_door":6,"minecraft:cooked_salmon":1,"minecraft:bucket":1,"minecraft:stone_axe":1,"minecraft:air":0,"minecraft:oak_boat":2,"minecraft:iron_chestplate":1,"minecraft:diamond_pickaxe":1,"minecraft:shield":4,"minecraft:stick":36,"minecraft:iron_ingot":50,"minecraft:iron_pickaxe":3,"minecraft:wooden_axe":2,"minecraft:iron_shovel":1,"minecraft:iron_leggings":2,"minecraft:white_bed":2,"minecraft:torch":12}},"DataVersion":3465}