{"stats":{"minecraft:dropped":{"minecraft:oak_slab":2,"minecraft:brown_mushroom":2,"minecraft:wheat_seeds":1,"minecraft:dirt":8,"minecraft:diorite":1,"minecraft:wooden_axe":2,"minecraft:flowering_azalea":1,"minecraft:paper":1,"minecraft:bone":2,"minecraft:stone_axe":2,"minecraft:bowl":2,"minecraft:rotten_flesh":13,"minecraft:stone_pickaxe":1,"minecraft:wooden_pickaxe":2},"minecraft:picked_up":{"minecraft:wooden_axe":1,"minecraft:crafting_table":11,"minecraft:suspicious_stew":4,"minecraft:brown_mushroom":9,"minecraft:wooden_pickaxe":1,"minecraft:cornflower":1,"minecraft:iron_axe":1,"minecraft:spruce_planks":92,"minecraft:beef":18,"minecraft:oak_boat":14,"minecraft:azalea":1,"minecraft:iron_nugget":14,"minecraft:iron_pickaxe":1,"minecraft:sugar_cane":140,"minecraft:furnace":2,"minecraft:stick":67,"minecraft:raw_iron":24,"minecraft:torch":16,"minecraft:bowl":3,"minecraft:porkchop":8,"minecraft:diorite":1,"minecraft:carrot":13,"minecraft:dark_oak_planks":2,"minecraft:arrow":22,"minecraft:rotten_flesh":42,"minecraft:mutton":6,"minecraft:cobblestone":106,"minecraft:white_wool":3,"minecraft:birch_log":28,"minecraft:leather_chestplate":13,"minecraft:cooked_beef":7,"minecraft:andesite":4,"minecraft:leather":6,"minecraft:smoker":1,"minecraft:oak_log":28,"minecraft:dirt":45,"minecraft:lapis_lazuli":8,"minecraft:paper":6,"minecraft:bone":6,"minecraft:wheat_seeds":1,"minecraft:iron_ingot":27,"minecraft:stone_pickaxe":6,"minecraft:flowering_azalea":6,"minecraft:oak_planks":20,"minecraft:oak_slab":4,"minecraft:sand":24,"minecraft:spruce_sapling":3,"minecraft:white_bed":8,"minecraft:spruce_log":46,"minecraft:spruce_door":15,"minecraft:diamond":4,"minecraft:stone_axe":7,"minecraft:spruce_boat":2,"minecraft:granite":5,"minecraft:emerald":22,"minecraft:black_wool":6,"minecraft:dark_oak_fence":1,"minecraft:coal":2},"minecraft:mined":{"minecraft:dark_oak_planks":2,"minecraft:spruce_planks":23,"minecraft:white_bed":9,"minecraft:granite":5,"minecraft:dark_oak_fence":1,"minecraft:grass_block":2,"minecraft:spruce_leaves":6,"minecraft:large_fern":1,"minecraft:furnace":3,"minecraft:iron_ore":17,"minecraft:andesite":4,"minecraft:flowering_azalea_leaves":8,"minecraft:azalea_leaves":9,"minecraft:stone":85,"minecraft:podzol":2,"minecraft:oak_slab":2,"minecraft:smoker":1,"minecraft:spruce_door":1,"minecraft:torch":9,"minecraft:crafting_table":8,"minecraft:cornflower":1,"minecraft:cobblestone":3,"minecraft:tall_grass":1,"minecraft:oak_planks":1,"minecraft:diorite":1,"minecraft:wall_torch":1,"minecraft:seagrass":1,"minecraft:spruce_log":31,"minecraft:grass":3,"minecraft:oak_log":14,"minecraft:coal_ore":2,"minecraft:dirt":10,"minecraft:sand":4,"minecraft:fern":4},"minecraft:killed_by":{"minecraft:player":1,"minecraft:creeper":1,"minecraft:skeleton":4,"minecraft:zombie":2},"minecraft:killed":{"minecraft:pig":4,"minecraft:sheep":5,"minecraft:pillager":1,"minecraft:zombie":5,"minecraft:cow":4},"minecraft:custom":{"minecraft:mob_kills":21,"minecraft:interact_with_crafting_table":13,"minecraft:leave_game":1,"minecraft:time_since_death":40062,"minecraft:sprint_one_cm":354724,"minecraft:walk_one_cm":151095,"minecraft:drop":27,"minecraft:play_time":120072,"minecraft:deaths":10,"minecraft:sneak_time":9056,"minecraft:walk_under_water_one_cm":39398,"minecraft:boat_one_cm":700518,"minecraft:jump":1461,"minecraft:walk_on_water_one_cm":21952,"minecraft:total_world_time":120072,"minecraft:interact_with_furnace":5,"minecraft:sleep_in_bed":4,"minecraft:time_since_rest":17960,"minecraft:damage_taken":3732,"minecraft:damage_dealt":3141,"minecraft:swim_one_cm":55524,"minecraft:fly_one_cm":224787,"minecraft:open_chest":6,"minecraft:crouch_one_cm":19133,"minecraft:interact_with_smoker":1,"minecraft:fall_one_cm":38759},"minecraft:used":{"minecraft:azalea":1,"minecraft:spruce_planks":16,"minecraft:rotten_flesh":3,"minecraft:torch":21,"minecraft:dirt":6,"minecraft:carrot":5,"minecraft:spruce_boat":2,"minecraft:wooden_axe":11,"minecraft:lava_bucket":3,"minecraft:iron_axe":55,"minecraft:iron_helmet":1,"minecraft:iron_boots":1,"minecraft:beef":3,"minecraft:furnace":3,"minecraft:cooked_beef":7,"minecraft:water_bucket":6,"minecraft:spruce_door":3,"minecraft:stone_pickaxe":28,"minecraft:oak_planks":14,"minecraft:leather_chestplate":3,"minecraft:sand":4,"minecraft:crafting_table":10,"minecraft:white_bed":9,"minecraft:smoker":1,"minecraft:oak_log":7,"minecraft:iron_pickaxe":116,"minecraft:suspicious_stew":1,"minecraft:stone_axe":80,"minecraft:cobblestone":68,"minecraft:porkchop":8,"minecraft:bucket":11,"minecraft:andesite":4,"minecraft:oak_boat":13},"minecraft:crafted":{"minecraft:oak_planks":28,"minecraft:furnace":2,"minecraft:iron_boots":1,"minecraft:iron_axe":1,"minecraft:spruce_boat":1,"minecraft:smoker":1,"minecraft:crafting_table":4,"minecraft:spruce_planks":88,"minecraft:wooden_pickaxe":1,"minecraft:iron_helmet":1,"minecraft:spruce_door":3,"minecraft:bucket":1,"minecraft:air":0,"minecraft:oak_boat":1,"minecraft:shield":1,"minecraft:stick":16,"minecraft:iron_ingot":7,"minecraft:iron_pickaxe":1,"minecraft:wooden_axe":1,"minecraft:iron_leggings":1,"minecraft:white_bed":1,"minecraft:torch":8}},"DataVersion":3465}