{"stats":{"minecraft:dropped":{"minecraft:stone_axe":2,"minecraft:oak_slab":2,"minecraft:brown_mushroom":2,"minecraft:wheat_seeds":1,"minecraft:bowl":2,"minecraft:dirt":7,"minecraft:diorite":1,"minecraft:wooden_axe":2,"minecraft:flowering_azalea":1,"minecraft:wooden_pickaxe":2,"minecraft:stone_pickaxe":1,"minecraft:paper":1},"minecraft:picked_up":{"minecraft:wooden_axe":1,"minecraft:birch_log":28,"minecraft:crafting_table":11,"minecraft:leather_chestplate":13,"minecraft:andesite":4,"minecraft:cooked_beef":7,"minecraft:suspicious_stew":4,"minecraft:leather":6,"minecraft:brown_mushroom":5,"minecraft:wooden_pickaxe":1,"minecraft:smoker":1,"minecraft:oak_log":28,"minecraft:lapis_lazuli":8,"minecraft:paper":6,"minecraft:dirt":44,"minecraft:iron_axe":1,"minecraft:bone":6,"minecraft:wheat_seeds":1,"minecraft:spruce_planks":92,"minecraft:iron_ingot":15,"minecraft:beef":18,"minecraft:stone_pickaxe":6,"minecraft:oak_boat":14,"minecraft:azalea":1,"minecraft:iron_nugget":14,"minecraft:iron_pickaxe":1,"minecraft:sugar_cane":140,"minecraft:oak_planks":20,"minecraft:flowering_azalea":6,"minecraft:furnace":2,"minecraft:oak_slab":4,"minecraft:stick":67,"minecraft:raw_iron":24,"minecraft:torch":14,"minecraft:bowl":3,"minecraft:porkchop":8,"minecraft:sand":24,"minecraft:spruce_sapling":3,"minecraft:diorite":1,"minecraft:white_bed":8,"minecraft:spruce_log":46,"minecraft:carrot":13,"minecraft:spruce_door":15,"minecraft:dark_oak_planks":2,"minecraft:arrow":22,"minecraft:rotten_flesh":29,"minecraft:diamond":2,"minecraft:spruce_boat":2,"minecraft:stone_axe":7,"minecraft:granite":5,"minecraft:emerald":22,"minecraft:dark_oak_fence":1,"minecraft:black_wool":6,"minecraft:coal":2,"minecraft:mutton":6,"minecraft:white_wool":3,"minecraft:cobblestone":106},"minecraft:mined":{"minecraft:dark_oak_planks":2,"minecraft:oak_slab":2,"minecraft:spruce_planks":23,"minecraft:white_bed":9,"minecraft:smoker":1,"minecraft:spruce_door":1,"minecraft:crafting_table":8,"minecraft:torch":8,"minecraft:granite":5,"minecraft:dark_oak_fence":1,"minecraft:grass_block":2,"minecraft:tall_grass":1,"minecraft:cobblestone":3,"minecraft:spruce_leaves":6,"minecraft:oak_planks":1,"minecraft:diorite":1,"minecraft:wall_torch":1,"minecraft:large_fern":1,"minecraft:seagrass":1,"minecraft:furnace":3,"minecraft:iron_ore":17,"minecraft:andesite":4,"minecraft:spruce_log":31,"minecraft:sand":4,"minecraft:grass":3,"minecraft:coal_ore":2,"minecraft:oak_log":14,"minecraft:flowering_azalea_leaves":8,"minecraft:dirt":10,"minecraft:azalea_leaves":9,"minecraft:stone":85,"minecraft:fern":4,"minecraft:podzol":1},"minecraft:killed_by":{"minecraft:player":1,"minecraft:skeleton":4,"minecraft:creeper":1,"minecraft:zombie":2},"minecraft:killed":{"minecraft:pig":4,"minecraft:sheep":5,"minecraft:zombie":5,"minecraft:cow":4},"minecraft:custom":{"minecraft:interact_with_furnace":5,"minecraft:mob_kills":19,"minecraft:interact_with_crafting_table":13,"minecraft:leave_game":1,"minecraft:time_since_death":28062,"minecraft:sleep_in_bed":4,"minecraft:time_since_rest":5960,"minecraft:sprint_one_cm":319706,"minecraft:damage_taken":3407,"minecraft:walk_one_cm":122768,"minecraft:drop":17,"minecraft:damage_dealt":2461,"minecraft:swim_one_cm":55524,"minecraft:fly_one_cm":186745,"minecraft:open_chest":5,"minecraft:crouch_one_cm":15102,"minecraft:play_time":108072,"minecraft:walk_under_water_one_cm":35781,"minecraft:sneak_time":7498,"minecraft:deaths":10,"minecraft:boat_one_cm":700518,"minecraft:jump":1169,"minecraft:walk_on_water_one_cm":20893,"minecraft:interact_with_smoker":1,"minecraft:total_world_time":108072,"minecraft:fall_one_cm":29482},"minecraft:used":{"minecraft:azalea":1,"minecraft:spruce_door":3,"minecraft:stone_pickaxe":28,"minecraft:oak_planks":14,"minecraft:spruce_planks":16,"minecraft:leather_chestplate":3,"minecraft:rotten_flesh":1,"minecraft:torch":12,"minecraft:dirt":6,"minecraft:sand":4,"minecraft:crafting_table":10,"minecraft:carrot":5,"minecraft:white_bed":9,"minecraft:smoker":1,"minecraft:spruce_boat":2,"minecraft:oak_log":7,"minecraft:wooden_axe":11,"minecraft:lava_bucket":3,"minecraft:iron_axe":44,"minecraft:suspicious_stew":1,"minecraft:iron_pickaxe":116,"minecraft:iron_helmet":1,"minecraft:iron_boots":1,"minecraft:stone_axe":80,"minecraft:beef":3,"minecraft:cobblestone":64,"minecraft:furnace":3,"minecraft:porkchop":8,"minecraft:andesite":4,"minecraft:bucket":4,"minecraft:oak_boat":13,"minecraft:cooked_beef":5},"minecraft:crafted":{"minecraft:oak_planks":28,"minecraft:crafting_table":4,"minecraft:spruce_planks":88,"minecraft:iron_helmet":1,"minecraft:wooden_pickaxe":1,"minecraft:spruce_door":3,"minecraft:furnace":2,"minecraft:bucket":1,"minecraft:air":0,"minecraft:oak_boat":1,"minecraft:iron_boots":1,"minecraft:shield":1,"minecraft:iron_axe":1,"minecraft:stick":16,"minecraft:iron_ingot":7,"minecraft:iron_pickaxe":1,"minecraft:wooden_axe":1,"minecraft:iron_leggings":1,"minecraft:white_bed":1,"minecraft:spruce_boat":1,"minecraft:torch":8,"minecraft:smoker":1}},"DataVersion":3465}