{"stats":{"minecraft:crafted":{"minecraft:crafting_table":1,"minecraft:spruce_planks":32,"minecraft:stick":8},"minecraft:killed_by":{"minecraft:creeper":1,"minecraft:zombie":1,"minecraft:player":1},"minecraft:dropped":{"minecraft:brown_mushroom":2,"minecraft:wheat_seeds":1},"minecraft:mined":{"minecraft:large_fern":1,"minecraft:spruce_leaves":4,"minecraft:spruce_log":12,"minecraft:fern":2},"minecraft:picked_up":{"minecraft:stick":3,"minecraft:brown_mushroom":5,"minecraft:wheat_seeds":1,"minecraft:spruce_sapling":3,"minecraft:spruce_log":22},"minecraft:custom":{"minecraft:time_since_rest":1783,"minecraft:crouch_one_cm":790,"minecraft:play_time":9839,"minecraft:sprint_one_cm":37647,"minecraft:walk_one_cm":17511,"minecraft:damage_taken":929,"minecraft:deaths":3,"minecraft:sneak_time":221,"minecraft:drop":3,"minecraft:jump":164,"minecraft:damage_dealt":30,"minecraft:time_since_death":1751,"minecraft:total_world_time":9839,"minecraft:fly_one_cm":27897,"minecraft:fall_one_cm":4986}},"DataVersion":3465}