{"stats":{"minecraft:dropped":{"minecraft:oak_slab":2,"minecraft:brown_mushroom":6,"minecraft:wheat_seeds":3,"minecraft:cobblestone":7,"minecraft:granite":5,"minecraft:mossy_stone_brick_stairs":1,"minecraft:spruce_door":1,"minecraft:stick":1,"minecraft:dirt":10,"minecraft:diorite":1,"minecraft:dark_oak_fence":1,"minecraft:cornflower":1,"minecraft:wooden_axe":3,"minecraft:flowering_azalea":2,"minecraft:paper":1,"minecraft:bone":2,"minecraft:stone_axe":3,"minecraft:iron_nugget":1,"minecraft:bowl":2,"minecraft:rotten_flesh":14,"minecraft:clay_ball":12,"minecraft:chiseled_stone_bricks":1,"minecraft:spruce_planks":17,"minecraft:iron_bars":1,"minecraft:wooden_pickaxe":3,"minecraft:stone_pickaxe":2,"minecraft:stone_brick_stairs":1,"minecraft:netherrack":10,"minecraft:egg":1},"minecraft:picked_up":{"minecraft:wooden_axe":1,"minecraft:crafting_table":23,"minecraft:chicken":3,"minecraft:clay_ball":12,"minecraft:suspicious_stew":4,"minecraft:brown_mushroom":9,"minecraft:wooden_pickaxe":1,"minecraft:stone_brick_stairs":1,"minecraft:moss_carpet":1,"minecraft:cornflower":1,"minecraft:iron_axe":1,"minecraft:spruce_planks":123,"minecraft:beef":18,"minecraft:oak_boat":16,"minecraft:azalea":1,"minecraft:iron_nugget":14,"minecraft:iron_pickaxe":1,"minecraft:sugar_cane":140,"minecraft:egg":1,"minecraft:furnace":3,"minecraft:stick":67,"minecraft:raw_iron":87,"minecraft:torch":36,"minecraft:bowl":3,"minecraft:porkchop":8,"minecraft:diorite":8,"minecraft:carrot":13,"minecraft:dark_oak_planks":2,"minecraft:arrow":22,"minecraft:rotten_flesh":43,"minecraft:glow_berries":10,"minecraft:mutton":13,"minecraft:iron_bars":1,"minecraft:cobblestone":225,"minecraft:white_wool":5,"minecraft:birch_log":28,"minecraft:magma_block":3,"minecraft:leather_chestplate":13,"minecraft:feather":5,"minecraft:cooked_beef":7,"minecraft:andesite":10,"minecraft:salmon":1,"minecraft:leather":6,"minecraft:smoker":3,"minecraft:oak_log":37,"minecraft:paper":6,"minecraft:dirt":57,"minecraft:lapis_lazuli":14,"minecraft:purple_carpet":1,"minecraft:bone":6,"minecraft:wheat_seeds":3,"minecraft:cooked_chicken":2,"minecraft:stone_pickaxe":6,"minecraft:iron_ingot":27,"minecraft:moss_block":6,"minecraft:mossy_stone_brick_stairs":1,"minecraft:flowering_azalea":7,"minecraft:oak_planks":20,"minecraft:oak_slab":4,"minecraft:pumpkin":2,"minecraft:sweet_berries":19,"minecraft:chiseled_stone_bricks":1,"minecraft:stone_brick_slab":2,"minecraft:gravel":1,"minecraft:sand":24,"minecraft:spruce_sapling":3,"minecraft:white_bed":8,"minecraft:spruce_log":87,"minecraft:spruce_door":15,"minecraft:diamond":4,"minecraft:spruce_boat":6,"minecraft:stone_axe":7,"minecraft:granite":13,"minecraft:emerald":22,"minecraft:netherrack":54,"minecraft:black_wool":6,"minecraft:dark_oak_fence":1,"minecraft:coal":54},"minecraft:mined":{"minecraft:dark_oak_planks":3,"minecraft:crying_obsidian":1,"minecraft:spruce_planks":38,"minecraft:white_bed":9,"minecraft:cave_vines_plant":2,"minecraft:glow_lichen":1,"minecraft:granite":13,"minecraft:dark_oak_fence":1,"minecraft:grass_block":5,"minecraft:spruce_leaves":13,"minecraft:moss_block":6,"minecraft:chiseled_stone_bricks":1,"minecraft:large_fern":1,"minecraft:magma_block":5,"minecraft:furnace":4,"minecraft:iron_ore":67,"minecraft:fire":17,"minecraft:andesite":10,"minecraft:pumpkin":2,"minecraft:mossy_stone_brick_stairs":1,"minecraft:cave_vines":6,"minecraft:deepslate_iron_ore":1,"minecraft:flowering_azalea_leaves":8,"minecraft:iron_bars":2,"minecraft:purple_carpet":1,"minecraft:azalea_leaves":9,"minecraft:stone":197,"minecraft:podzol":5,"minecraft:oak_slab":2,"minecraft:smoker":3,"minecraft:stone_brick_slab":2,"minecraft:spruce_door":1,"minecraft:clay":3,"minecraft:crafting_table":20,"minecraft:cornflower":1,"minecraft:torch":14,"minecraft:tall_grass":2,"minecraft:cobblestone":13,"minecraft:lapis_ore":1,"minecraft:oak_planks":1,"minecraft:diorite":8,"minecraft:wall_torch":16,"minecraft:seagrass":1,"minecraft:sweet_berry_bush":3,"minecraft:spruce_log":74,"minecraft:stone_brick_stairs":3,"minecraft:grass":4,"minecraft:oak_log":23,"minecraft:coal_ore":43,"minecraft:gravel":1,"minecraft:sand":4,"minecraft:dirt":16,"minecraft:cracked_stone_bricks":1,"minecraft:stone_bricks":1,"minecraft:netherrack":63,"minecraft:mossy_stone_bricks":1,"minecraft:fern":5},"minecraft:killed_by":{"minecraft:player":1,"minecraft:creeper":2,"minecraft:skeleton":4,"minecraft:zombie":2},"minecraft:killed":{"minecraft:chicken":2,"minecraft:pig":4,"minecraft:salmon":1,"minecraft:sheep":9,"minecraft:pillager":1,"minecraft:zombie":5,"minecraft:cow":4},"minecraft:custom":{"minecraft:mob_kills":29,"minecraft:interact_with_crafting_table":42,"minecraft:fill_cauldron":1,"minecraft:leave_game":3,"minecraft:time_since_death":42939,"minecraft:climb_one_cm":2778,"minecraft:sprint_one_cm":475145,"minecraft:walk_one_cm":295097,"minecraft:damage_blocked_by_shield":405,"minecraft:drop":65,"minecraft:talked_to_villager":1,"minecraft:play_time":215004,"minecraft:sneak_time":24490,"minecraft:deaths":15,"minecraft:walk_under_water_one_cm":54746,"minecraft:boat_one_cm":973768,"minecraft:jump":2397,"minecraft:walk_on_water_one_cm":36190,"minecraft:total_world_time":215004,"minecraft:interact_with_furnace":27,"minecraft:sleep_in_bed":4,"minecraft:time_since_rest":42977,"minecraft:damage_taken":5578,"minecraft:damage_dealt":3671,"minecraft:swim_one_cm":83709,"minecraft:fly_one_cm":281716,"minecraft:open_chest":7,"minecraft:crouch_one_cm":50510,"minecraft:interact_with_smoker":8,"minecraft:fall_one_cm":64453,"minecraft:use_cauldron":1},"minecraft:used":{"minecraft:azalea":1,"minecraft:moss_block":6,"minecraft:moss_carpet":1,"minecraft:spruce_planks":63,"minecraft:shield":9,"minecraft:cooked_chicken":2,"minecraft:cooked_salmon":1,"minecraft:rotten_flesh":8,"minecraft:netherrack":40,"minecraft:iron_chestplate":1,"minecraft:torch":38,"minecraft:dirt":16,"minecraft:mutton":2,"minecraft:carrot":5,"minecraft:granite":8,"minecraft:spruce_boat":9,"minecraft:stone_brick_slab":2,"minecraft:dark_oak_planks":2,"minecraft:wooden_axe":18,"minecraft:lava_bucket":23,"minecraft:iron_axe":137,"minecraft:iron_helmet":2,"minecraft:iron_boots":2,"minecraft:magma_block":3,"minecraft:beef":3,"minecraft:sweet_berries":19,"minecraft:goat_horn":16,"minecraft:furnace":4,"minecraft:cooked_beef":7,"minecraft:pumpkin":2,"minecraft:iron_leggings":1,"minecraft:cooked_mutton":3,"minecraft:water_bucket":13,"minecraft:diorite":7,"minecraft:spruce_door":4,"minecraft:stone_pickaxe":133,"minecraft:oak_planks":29,"minecraft:wooden_pickaxe":7,"minecraft:leather_chestplate":3,"minecraft:glow_berries":10,"minecraft:sand":4,"minecraft:crafting_table":23,"minecraft:white_bed":9,"minecraft:smoker":3,"minecraft:oak_log":7,"minecraft:diamond_pickaxe":90,"minecraft:iron_pickaxe":257,"minecraft:suspicious_stew":1,"minecraft:gravel":1,"minecraft:stone_axe":83,"minecraft:cobblestone":169,"minecraft:porkchop":8,"minecraft:andesite":10,"minecraft:bucket":38,"minecraft:oak_boat":16,"minecraft:purple_carpet":1,"minecraft:experience_bottle":1},"minecraft:crafted":{"minecraft:oak_planks":48,"minecraft:furnace":3,"minecraft:cooked_mutton":3,"minecraft:iron_boots":2,"minecraft:iron_axe":2,"minecraft:stone_pickaxe":1,"minecraft:spruce_boat":5,"minecraft:smoker":2,"minecraft:crafting_table":6,"minecraft:spruce_planks":232,"minecraft:wooden_pickaxe":2,"minecraft:iron_helmet":2,"minecraft:spruce_door":6,"minecraft:cooked_salmon":1,"minecraft:bucket":1,"minecraft:stone_axe":1,"minecraft:air":0,"minecraft:oak_boat":2,"minecraft:iron_chestplate":1,"minecraft:diamond_pickaxe":1,"minecraft:shield":3,"minecraft:stick":36,"minecraft:iron_ingot":43,"minecraft:iron_pickaxe":2,"minecraft:wooden_axe":2,"minecraft:iron_leggings":2,"minecraft:white_bed":1,"minecraft:torch":12}},"DataVersion":3465}