{"stats":{"minecraft:crafted":{"minecraft:crafting_table":2,"minecraft:spruce_planks":72,"minecraft:stick":16,"minecraft:wooden_pickaxe":1,"minecraft:wooden_axe":1,"minecraft:spruce_door":3,"minecraft:white_bed":1,"minecraft:spruce_boat":1},"minecraft:killed":{"minecraft:sheep":5},"minecraft:killed_by":{"minecraft:player":1,"minecraft:skeleton":4,"minecraft:creeper":1,"minecraft:zombie":1},"minecraft:dropped":{"minecraft:brown_mushroom":2,"minecraft:wheat_seeds":1,"minecraft:bowl":1,"minecraft:wooden_axe":2,"minecraft:wooden_pickaxe":2},"minecraft:mined":{"minecraft:large_fern":1,"minecraft:seagrass":1,"minecraft:spruce_log":19,"minecraft:crafting_table":3,"minecraft:torch":3,"minecraft:oak_log":7,"minecraft:flowering_azalea_leaves":8,"minecraft:azalea_leaves":9,"minecraft:spruce_leaves":6,"minecraft:fern":2},"minecraft:picked_up":{"minecraft:birch_log":28,"minecraft:stick":53,"minecraft:crafting_table":4,"minecraft:leather_chestplate":11,"minecraft:suspicious_stew":4,"minecraft:bowl":2,"minecraft:brown_mushroom":5,"minecraft:torch":6,"minecraft:wooden_pickaxe":1,"minecraft:sand":4,"minecraft:oak_log":21,"minecraft:spruce_sapling":3,"minecraft:carrot":13,"minecraft:spruce_log":28,"minecraft:dirt":24,"minecraft:spruce_door":10,"minecraft:paper":5,"minecraft:arrow":6,"minecraft:rotten_flesh":9,"minecraft:spruce_boat":2,"minecraft:stone_axe":5,"minecraft:wheat_seeds":1,"minecraft:spruce_planks":44,"minecraft:stone_pickaxe":5,"minecraft:azalea":1,"minecraft:black_wool":6,"minecraft:sugar_cane":100,"minecraft:mutton":6,"minecraft:flowering_azalea":5,"minecraft:white_wool":3,"minecraft:cobblestone":18,"minecraft:wooden_axe":1},"minecraft:custom":{"minecraft:time_since_rest":851,"minecraft:sprint_one_cm":120429,"minecraft:damage_taken":2498,"minecraft:walk_one_cm":50841,"minecraft:mob_kills":5,"minecraft:drop":8,"minecraft:damage_dealt":655,"minecraft:interact_with_crafting_table":4,"minecraft:swim_one_cm":5940,"minecraft:fly_one_cm":95936,"minecraft:open_chest":2,"minecraft:crouch_one_cm":865,"minecraft:play_time":33839,"minecraft:deaths":8,"minecraft:sneak_time":397,"minecraft:walk_under_water_one_cm":13875,"minecraft:boat_one_cm":222750,"minecraft:jump":467,"minecraft:time_since_death":818,"minecraft:walk_on_water_one_cm":7705,"minecraft:sleep_in_bed":1,"minecraft:total_world_time":33839,"minecraft:fall_one_cm":14262},"minecraft:used":{"minecraft:spruce_boat":2,"minecraft:wooden_axe":11,"minecraft:spruce_door":1,"minecraft:suspicious_stew":1,"minecraft:leather_chestplate":2,"minecraft:stone_axe":35,"minecraft:torch":4,"minecraft:crafting_table":4,"minecraft:carrot":5,"minecraft:white_bed":1,"minecraft:azalea":1}},"DataVersion":3465}