{"stats":{"minecraft:dropped":{"minecraft:oak_slab":2,"minecraft:brown_mushroom":2,"minecraft:wheat_seeds":1,"minecraft:granite":5,"minecraft:mossy_stone_brick_stairs":1,"minecraft:spruce_door":1,"minecraft:stick":1,"minecraft:dirt":8,"minecraft:diorite":1,"minecraft:dark_oak_fence":1,"minecraft:wooden_axe":2,"minecraft:flowering_azalea":1,"minecraft:paper":1,"minecraft:bone":2,"minecraft:stone_axe":2,"minecraft:bowl":2,"minecraft:rotten_flesh":13,"minecraft:chiseled_stone_bricks":1,"minecraft:spruce_planks":16,"minecraft:iron_bars":1,"minecraft:wooden_pickaxe":2,"minecraft:stone_pickaxe":1,"minecraft:stone_brick_stairs":1,"minecraft:netherrack":10},"minecraft:picked_up":{"minecraft:wooden_axe":1,"minecraft:crafting_table":13,"minecraft:suspicious_stew":4,"minecraft:brown_mushroom":9,"minecraft:wooden_pickaxe":1,"minecraft:stone_brick_stairs":1,"minecraft:cornflower":1,"minecraft:iron_axe":1,"minecraft:spruce_planks":115,"minecraft:beef":18,"minecraft:oak_boat":14,"minecraft:azalea":1,"minecraft:iron_nugget":14,"minecraft:iron_pickaxe":1,"minecraft:sugar_cane":140,"minecraft:furnace":2,"minecraft:stick":67,"minecraft:raw_iron":24,"minecraft:torch":16,"minecraft:bowl":3,"minecraft:porkchop":8,"minecraft:diorite":1,"minecraft:carrot":13,"minecraft:dark_oak_planks":2,"minecraft:arrow":22,"minecraft:rotten_flesh":42,"minecraft:mutton":8,"minecraft:iron_bars":1,"minecraft:cobblestone":121,"minecraft:white_wool":3,"minecraft:birch_log":28,"minecraft:leather_chestplate":13,"minecraft:magma_block":2,"minecraft:cooked_beef":7,"minecraft:andesite":4,"minecraft:leather":6,"minecraft:smoker":1,"minecraft:oak_log":28,"minecraft:paper":6,"minecraft:dirt":45,"minecraft:lapis_lazuli":8,"minecraft:bone":6,"minecraft:wheat_seeds":1,"minecraft:stone_pickaxe":6,"minecraft:iron_ingot":27,"minecraft:mossy_stone_brick_stairs":1,"minecraft:flowering_azalea":6,"minecraft:oak_planks":20,"minecraft:oak_slab":4,"minecraft:pumpkin":1,"minecraft:chiseled_stone_bricks":1,"minecraft:stone_brick_slab":1,"minecraft:sand":24,"minecraft:spruce_sapling":3,"minecraft:white_bed":8,"minecraft:spruce_log":52,"minecraft:spruce_door":15,"minecraft:diamond":4,"minecraft:spruce_boat":3,"minecraft:stone_axe":7,"minecraft:granite":5,"minecraft:emerald":22,"minecraft:netherrack":54,"minecraft:black_wool":6,"minecraft:dark_oak_fence":1,"minecraft:coal":2},"minecraft:mined":{"minecraft:dark_oak_planks":3,"minecraft:crying_obsidian":1,"minecraft:spruce_planks":30,"minecraft:white_bed":9,"minecraft:granite":5,"minecraft:dark_oak_fence":1,"minecraft:grass_block":2,"minecraft:spruce_leaves":6,"minecraft:chiseled_stone_bricks":1,"minecraft:large_fern":1,"minecraft:magma_block":4,"minecraft:furnace":3,"minecraft:iron_ore":17,"minecraft:andesite":4,"minecraft:pumpkin":1,"minecraft:mossy_stone_brick_stairs":1,"minecraft:flowering_azalea_leaves":8,"minecraft:iron_bars":2,"minecraft:azalea_leaves":9,"minecraft:stone":97,"minecraft:podzol":2,"minecraft:oak_slab":2,"minecraft:smoker":1,"minecraft:stone_brick_slab":1,"minecraft:spruce_door":1,"minecraft:crafting_table":10,"minecraft:cornflower":1,"minecraft:torch":9,"minecraft:tall_grass":1,"minecraft:cobblestone":7,"minecraft:oak_planks":1,"minecraft:diorite":1,"minecraft:wall_torch":1,"minecraft:seagrass":1,"minecraft:spruce_log":37,"minecraft:stone_brick_stairs":3,"minecraft:grass":3,"minecraft:oak_log":14,"minecraft:coal_ore":2,"minecraft:sand":4,"minecraft:dirt":10,"minecraft:cracked_stone_bricks":1,"minecraft:stone_bricks":1,"minecraft:netherrack":63,"minecraft:mossy_stone_bricks":1,"minecraft:fern":4},"minecraft:killed_by":{"minecraft:player":1,"minecraft:creeper":1,"minecraft:skeleton":4,"minecraft:zombie":2},"minecraft:killed":{"minecraft:pig":4,"minecraft:sheep":6,"minecraft:pillager":1,"minecraft:zombie":5,"minecraft:cow":4},"minecraft:custom":{"minecraft:mob_kills":22,"minecraft:interact_with_crafting_table":18,"minecraft:leave_game":2,"minecraft:time_since_death":63190,"minecraft:sprint_one_cm":404803,"minecraft:walk_one_cm":172008,"minecraft:drop":37,"minecraft:talked_to_villager":1,"minecraft:play_time":143200,"minecraft:deaths":10,"minecraft:sneak_time":13792,"minecraft:walk_under_water_one_cm":43135,"minecraft:boat_one_cm":742793,"minecraft:jump":1680,"minecraft:walk_on_water_one_cm":31553,"minecraft:total_world_time":143200,"minecraft:interact_with_furnace":5,"minecraft:sleep_in_bed":4,"minecraft:time_since_rest":41088,"minecraft:damage_taken":3857,"minecraft:damage_dealt":3221,"minecraft:swim_one_cm":72783,"minecraft:fly_one_cm":244704,"minecraft:open_chest":7,"minecraft:crouch_one_cm":26385,"minecraft:interact_with_smoker":1,"minecraft:fall_one_cm":43429},"minecraft:used":{"minecraft:azalea":1,"minecraft:spruce_planks":23,"minecraft:rotten_flesh":8,"minecraft:netherrack":40,"minecraft:torch":22,"minecraft:dirt":6,"minecraft:mutton":2,"minecraft:carrot":5,"minecraft:spruce_boat":4,"minecraft:dark_oak_planks":2,"minecraft:wooden_axe":11,"minecraft:lava_bucket":19,"minecraft:iron_axe":73,"minecraft:iron_helmet":1,"minecraft:iron_boots":1,"minecraft:beef":3,"minecraft:furnace":3,"minecraft:cooked_beef":7,"minecraft:water_bucket":12,"minecraft:spruce_door":3,"minecraft:stone_pickaxe":28,"minecraft:oak_planks":14,"minecraft:leather_chestplate":3,"minecraft:sand":4,"minecraft:crafting_table":14,"minecraft:white_bed":9,"minecraft:smoker":1,"minecraft:oak_log":7,"minecraft:diamond_pickaxe":58,"minecraft:suspicious_stew":1,"minecraft:iron_pickaxe":153,"minecraft:stone_axe":80,"minecraft:cobblestone":77,"minecraft:porkchop":8,"minecraft:andesite":4,"minecraft:bucket":33,"minecraft:oak_boat":13,"minecraft:experience_bottle":1},"minecraft:crafted":{"minecraft:oak_planks":28,"minecraft:furnace":2,"minecraft:iron_boots":1,"minecraft:iron_axe":1,"minecraft:spruce_boat":2,"minecraft:smoker":1,"minecraft:crafting_table":5,"minecraft:spruce_planks":112,"minecraft:wooden_pickaxe":1,"minecraft:iron_helmet":1,"minecraft:spruce_door":3,"minecraft:bucket":1,"minecraft:air":0,"minecraft:oak_boat":1,"minecraft:diamond_pickaxe":1,"minecraft:shield":2,"minecraft:stick":16,"minecraft:iron_ingot":9,"minecraft:iron_pickaxe":1,"minecraft:wooden_axe":1,"minecraft:iron_leggings":1,"minecraft:white_bed":1,"minecraft:torch":8}},"DataVersion":3465}