{"stats":{"minecraft:crafted":{"minecraft:oak_planks":28,"minecraft:crafting_table":3,"minecraft:spruce_planks":88,"minecraft:wooden_pickaxe":1,"minecraft:spruce_door":3,"minecraft:oak_boat":1,"minecraft:shield":1,"minecraft:iron_axe":1,"minecraft:stick":16,"minecraft:iron_pickaxe":1,"minecraft:wooden_axe":1,"minecraft:white_bed":1,"minecraft:spruce_boat":1},"minecraft:killed":{"minecraft:pig":4,"minecraft:sheep":5,"minecraft:zombie":4,"minecraft:cow":3},"minecraft:killed_by":{"minecraft:player":1,"minecraft:skeleton":4,"minecraft:creeper":1,"minecraft:zombie":1},"minecraft:dropped":{"minecraft:stone_axe":2,"minecraft:oak_slab":2,"minecraft:brown_mushroom":2,"minecraft:wheat_seeds":1,"minecraft:bowl":2,"minecraft:dirt":7,"minecraft:wooden_axe":2,"minecraft:flowering_azalea":1,"minecraft:stone_pickaxe":1,"minecraft:wooden_pickaxe":2,"minecraft:paper":1},"minecraft:mined":{"minecraft:oak_slab":2,"minecraft:spruce_planks":22,"minecraft:white_bed":2,"minecraft:spruce_door":1,"minecraft:crafting_table":6,"minecraft:torch":5,"minecraft:grass_block":2,"minecraft:cobblestone":1,"minecraft:spruce_leaves":6,"minecraft:oak_planks":1,"minecraft:diorite":1,"minecraft:large_fern":1,"minecraft:seagrass":1,"minecraft:spruce_log":31,"minecraft:grass":1,"minecraft:oak_log":14,"minecraft:flowering_azalea_leaves":8,"minecraft:dirt":8,"minecraft:azalea_leaves":9,"minecraft:stone":20,"minecraft:fern":3},"minecraft:picked_up":{"minecraft:wooden_axe":1,"minecraft:birch_log":28,"minecraft:crafting_table":8,"minecraft:leather_chestplate":12,"minecraft:suspicious_stew":4,"minecraft:leather":2,"minecraft:brown_mushroom":5,"minecraft:wooden_pickaxe":1,"minecraft:oak_log":28,"minecraft:lapis_lazuli":4,"minecraft:dirt":41,"minecraft:paper":6,"minecraft:bone":4,"minecraft:wheat_seeds":1,"minecraft:spruce_planks":66,"minecraft:beef":9,"minecraft:iron_ingot":9,"minecraft:stone_pickaxe":6,"minecraft:oak_boat":9,"minecraft:azalea":1,"minecraft:iron_nugget":7,"minecraft:sugar_cane":120,"minecraft:oak_planks":20,"minecraft:flowering_azalea":6,"minecraft:oak_slab":4,"minecraft:stick":62,"minecraft:torch":9,"minecraft:bowl":3,"minecraft:porkchop":8,"minecraft:sand":20,"minecraft:spruce_sapling":3,"minecraft:diorite":1,"minecraft:white_bed":2,"minecraft:spruce_log":39,"minecraft:carrot":13,"minecraft:spruce_door":13,"minecraft:arrow":16,"minecraft:rotten_flesh":22,"minecraft:diamond":1,"minecraft:stone_axe":7,"minecraft:spruce_boat":2,"minecraft:emerald":11,"minecraft:black_wool":6,"minecraft:mutton":6,"minecraft:white_wool":3,"minecraft:cobblestone":39},"minecraft:custom":{"minecraft:mob_kills":17,"minecraft:interact_with_crafting_table":7,"minecraft:leave_game":1,"minecraft:time_since_death":29911,"minecraft:sleep_in_bed":1,"minecraft:time_since_rest":29952,"minecraft:sprint_one_cm":251724,"minecraft:damage_taken":2738,"minecraft:walk_one_cm":81167,"minecraft:drop":16,"minecraft:damage_dealt":2161,"minecraft:swim_one_cm":36869,"minecraft:fly_one_cm":160539,"minecraft:open_chest":3,"minecraft:crouch_one_cm":6124,"minecraft:play_time":73607,"minecraft:sneak_time":3109,"minecraft:deaths":9,"minecraft:walk_under_water_one_cm":23031,"minecraft:boat_one_cm":447894,"minecraft:jump":924,"minecraft:walk_on_water_one_cm":14678,"minecraft:total_world_time":73607,"minecraft:fall_one_cm":22444},"minecraft:used":{"minecraft:azalea":1,"minecraft:spruce_door":2,"minecraft:stone_pickaxe":28,"minecraft:oak_planks":14,"minecraft:spruce_planks":16,"minecraft:leather_chestplate":2,"minecraft:rotten_flesh":1,"minecraft:torch":6,"minecraft:dirt":3,"minecraft:crafting_table":7,"minecraft:carrot":5,"minecraft:white_bed":2,"minecraft:oak_log":7,"minecraft:spruce_boat":2,"minecraft:wooden_axe":11,"minecraft:iron_axe":36,"minecraft:iron_pickaxe":1,"minecraft:suspicious_stew":1,"minecraft:stone_axe":80,"minecraft:cobblestone":25,"minecraft:porkchop":8,"minecraft:oak_boat":8}},"DataVersion":3465}