{"stats":{"minecraft:crafted":{"minecraft:oak_planks":8,"minecraft:crafting_table":7,"minecraft:spruce_planks":128,"minecraft:wooden_pickaxe":6,"minecraft:stone_axe":2,"minecraft:oak_boat":1,"minecraft:stick":48,"minecraft:stone_pickaxe":4,"minecraft:wooden_axe":5,"minecraft:torch":16},"minecraft:killed":{"minecraft:salmon":1,"minecraft:sheep":1,"minecraft:skeleton":1,"minecraft:chicken":2,"minecraft:tropical_fish":1},"minecraft:dropped":{"minecraft:wooden_axe":1,"minecraft:wooden_pickaxe":1},"minecraft:killed_by":{"minecraft:zombie_villager":1,"minecraft:skeleton":4,"minecraft:zombie":1},"minecraft:mined":{"minecraft:brown_mushroom":1,"minecraft:mossy_cobblestone":9,"minecraft:clay":1,"minecraft:crafting_table":9,"minecraft:cave_vines_plant":1,"minecraft:cobblestone":4,"minecraft:spruce_leaves":8,"minecraft:moss_block":7,"minecraft:spore_blossom":1,"minecraft:birch_log":20,"minecraft:iron_ore":3,"minecraft:ice":1,"minecraft:spruce_log":44,"minecraft:andesite":1,"minecraft:grass":2,"minecraft:coal_ore":49,"minecraft:oak_log":2,"minecraft:stone":40,"minecraft:fern":2},"minecraft:picked_up":{"minecraft:birch_log":20,"minecraft:crafting_table":9,"minecraft:feather":1,"minecraft:cooked_beef":2,"minecraft:chicken":2,"minecraft:salmon":1,"minecraft:clay_ball":4,"minecraft:andesite":1,"minecraft:brown_mushroom":1,"minecraft:oak_log":2,"minecraft:spore_blossom":1,"minecraft:oak_boat":2,"minecraft:moss_block":7,"minecraft:sugar_cane":2,"minecraft:egg":1,"minecraft:raw_iron":3,"minecraft:spruce_log":45,"minecraft:mossy_cobblestone":9,"minecraft:arrow":1,"minecraft:tropical_fish":1,"minecraft:glow_berries":1,"minecraft:mutton":2,"minecraft:coal":46,"minecraft:white_wool":1,"minecraft:cobblestone":43},"minecraft:custom":{"minecraft:mob_kills":6,"minecraft:interact_with_crafting_table":16,"minecraft:time_since_death":4224,"minecraft:climb_one_cm":84,"minecraft:time_since_rest":4265,"minecraft:sprint_one_cm":54786,"minecraft:damage_taken":2135,"minecraft:walk_one_cm":89898,"minecraft:drop":2,"minecraft:damage_dealt":472,"minecraft:swim_one_cm":19209,"minecraft:fly_one_cm":70571,"minecraft:crouch_one_cm":91,"minecraft:play_time":41026,"minecraft:deaths":7,"minecraft:sneak_time":106,"minecraft:walk_under_water_one_cm":15849,"minecraft:boat_one_cm":92896,"minecraft:jump":697,"minecraft:walk_on_water_one_cm":10307,"minecraft:total_world_time":41026,"minecraft:fall_one_cm":26670},"minecraft:used":{"minecraft:tropical_fish":1,"minecraft:stone_pickaxe":77,"minecraft:spruce_planks":3,"minecraft:wooden_pickaxe":44,"minecraft:brown_mushroom":1,"minecraft:torch":7,"minecraft:mossy_cobblestone":9,"minecraft:glow_berries":1,"minecraft:crafting_table":11,"minecraft:wooden_axe":36,"minecraft:spore_blossom":1,"minecraft:stone_axe":34,"minecraft:oak_boat":2,"minecraft:cooked_beef":1}},"DataVersion":3465}