{"stats":{"minecraft:dropped":{"minecraft:iron_ingot":3,"minecraft:wooden_axe":1,"minecraft:wooden_pickaxe":1},"minecraft:picked_up":{"minecraft:wooden_axe":3,"minecraft:crafting_table":13,"minecraft:iron_chestplate":2,"minecraft:wheat":8,"minecraft:chicken":3,"minecraft:clay_ball":4,"minecraft:brown_mushroom":1,"minecraft:wooden_pickaxe":3,"minecraft:shield":2,"minecraft:raw_copper":38,"minecraft:iron_axe":2,"minecraft:iron_leggings":2,"minecraft:cobbled_deepslate":5,"minecraft:beef":5,"minecraft:oak_boat":2,"minecraft:rose_bush":1,"minecraft:iron_pickaxe":2,"minecraft:sugar_cane":135,"minecraft:furnace":1,"minecraft:iron_boots":2,"minecraft:egg":3,"minecraft:raw_iron":4,"minecraft:stick":6,"minecraft:torch":4,"minecraft:diorite":42,"minecraft:arrow":15,"minecraft:rotten_flesh":10,"minecraft:tropical_fish":1,"minecraft:saddle":2,"minecraft:glow_berries":1,"minecraft:mutton":21,"minecraft:white_wool":11,"minecraft:cobblestone":141,"minecraft:birch_log":32,"minecraft:magma_block":15,"minecraft:feather":1,"minecraft:cooked_beef":10,"minecraft:salmon":1,"minecraft:andesite":1,"minecraft:leather":1,"minecraft:potato":1,"minecraft:oak_log":16,"minecraft:dirt":7,"minecraft:bone":10,"minecraft:wheat_seeds":37,"minecraft:spore_blossom":1,"minecraft:iron_ingot":6,"minecraft:stone_pickaxe":2,"minecraft:moss_block":10,"minecraft:oak_planks":20,"minecraft:iron_sword":2,"minecraft:white_bed":2,"minecraft:spruce_log":70,"minecraft:mossy_cobblestone":9,"minecraft:stone_axe":2,"minecraft:spruce_boat":1,"minecraft:iron_helmet":2,"minecraft:granite":9,"minecraft:gray_wool":3,"minecraft:golden_horse_armor":2,"minecraft:coal":198},"minecraft:mined":{"minecraft:white_bed":2,"minecraft:mossy_cobblestone":9,"minecraft:cave_vines_plant":1,"minecraft:granite":7,"minecraft:grass_block":2,"minecraft:spruce_leaves":8,"minecraft:moss_block":10,"minecraft:large_fern":6,"minecraft:tall_seagrass":1,"minecraft:spore_blossom":1,"minecraft:magma_block":13,"minecraft:furnace":1,"minecraft:iron_ore":4,"minecraft:andesite":1,"minecraft:stone":128,"minecraft:brown_mushroom":2,"minecraft:clay":1,"minecraft:crafting_table":13,"minecraft:torch":3,"minecraft:rose_bush":1,"minecraft:mushroom_stem":4,"minecraft:cobblestone":5,"minecraft:tall_grass":1,"minecraft:copper_ore":7,"minecraft:sugar_cane":74,"minecraft:diorite":40,"minecraft:wall_torch":1,"minecraft:deepslate_copper_ore":5,"minecraft:birch_log":32,"minecraft:wheat":10,"minecraft:ice":1,"minecraft:spruce_log":69,"minecraft:birch_leaves":1,"minecraft:grass":17,"minecraft:coal_ore":168,"minecraft:oak_log":16,"minecraft:dirt":5,"minecraft:oak_leaves":1,"minecraft:deepslate":5,"minecraft:fern":13},"minecraft:killed_by":{"minecraft:zombie_villager":1,"minecraft:creeper":2,"minecraft:skeleton":7,"minecraft:zombie":9},"minecraft:killed":{"minecraft:spider":1,"minecraft:skeleton":4,"minecraft:chicken":3,"minecraft:tropical_fish":1,"minecraft:salmon":1,"minecraft:sheep":12,"minecraft:zombie":6,"minecraft:cow":2},"minecraft:custom":{"minecraft:mob_kills":31,"minecraft:animals_bred":4,"minecraft:interact_with_crafting_table":36,"minecraft:leave_game":2,"minecraft:time_since_death":34597,"minecraft:climb_one_cm":893,"minecraft:sprint_one_cm":320541,"minecraft:walk_one_cm":340243,"minecraft:damage_blocked_by_shield":495,"minecraft:drop":5,"minecraft:play_time":174416,"minecraft:deaths":22,"minecraft:sneak_time":413,"minecraft:walk_under_water_one_cm":39542,"minecraft:boat_one_cm":438728,"minecraft:jump":2817,"minecraft:walk_on_water_one_cm":24730,"minecraft:total_world_time":174416,"minecraft:interact_with_furnace":39,"minecraft:interact_with_cartography_table":2,"minecraft:interact_with_grindstone":1,"minecraft:sleep_in_bed":3,"minecraft:time_since_rest":34632,"minecraft:damage_taken":7276,"minecraft:damage_dealt":4393,"minecraft:swim_one_cm":98756,"minecraft:fly_one_cm":409879,"minecraft:open_chest":26,"minecraft:crouch_one_cm":91,"minecraft:fall_one_cm":77863},"minecraft:used":{"minecraft:moss_block":3,"minecraft:tropical_fish":1,"minecraft:spruce_planks":19,"minecraft:shield":6,"minecraft:iron_sword":7,"minecraft:cooked_chicken":1,"minecraft:rotten_flesh":2,"minecraft:iron_chestplate":3,"minecraft:torch":42,"minecraft:dirt":4,"minecraft:granite":7,"minecraft:spruce_boat":1,"minecraft:wooden_axe":80,"minecraft:iron_axe":94,"minecraft:iron_helmet":2,"minecraft:iron_boots":3,"minecraft:magma_block":11,"minecraft:furnace":3,"minecraft:egg":1,"minecraft:cooked_beef":12,"minecraft:iron_leggings":3,"minecraft:wheat_seeds":10,"minecraft:cooked_mutton":7,"minecraft:stone_pickaxe":139,"minecraft:baked_potato":1,"minecraft:wooden_pickaxe":74,"minecraft:brown_mushroom":1,"minecraft:sugar_cane":11,"minecraft:glow_berries":1,"minecraft:mossy_cobblestone":9,"minecraft:crafting_table":17,"minecraft:white_bed":2,"minecraft:spruce_log":1,"minecraft:iron_pickaxe":199,"minecraft:spore_blossom":1,"minecraft:stone_axe":101,"minecraft:cobblestone":39,"minecraft:birch_log":2,"minecraft:oak_boat":2},"minecraft:crafted":{"minecraft:oak_planks":44,"minecraft:cooked_chicken":1,"minecraft:furnace":3,"minecraft:cooked_mutton":8,"minecraft:iron_boots":1,"minecraft:iron_axe":1,"minecraft:stone_pickaxe":6,"minecraft:spruce_boat":1,"minecraft:cooked_beef":5,"minecraft:crafting_table":10,"minecraft:spruce_planks":236,"minecraft:wooden_pickaxe":8,"minecraft:baked_potato":1,"minecraft:iron_helmet":1,"minecraft:iron_sword":1,"minecraft:stone_axe":4,"minecraft:oak_boat":1,"minecraft:iron_chestplate":1,"minecraft:shield":1,"minecraft:stick":136,"minecraft:iron_ingot":36,"minecraft:iron_pickaxe":1,"minecraft:wooden_axe":7,"minecraft:iron_leggings":1,"minecraft:torch":268}},"DataVersion":3465}