{"stats":{"minecraft:crafted":{"minecraft:oak_boat":1,"minecraft:oak_planks":8,"minecraft:crafting_table":5,"minecraft:stick":24,"minecraft:spruce_planks":64,"minecraft:wooden_pickaxe":3,"minecraft:stone_pickaxe":1,"minecraft:wooden_axe":4,"minecraft:stone_axe":1},"minecraft:killed":{"minecraft:sheep":1,"minecraft:skeleton":1,"minecraft:chicken":2},"minecraft:dropped":{"minecraft:wooden_axe":1,"minecraft:wooden_pickaxe":1},"minecraft:killed_by":{"minecraft:zombie_villager":1,"minecraft:skeleton":3,"minecraft:zombie":1},"minecraft:mined":{"minecraft:brown_mushroom":1,"minecraft:mossy_cobblestone":9,"minecraft:birch_log":14,"minecraft:spruce_log":23,"minecraft:crafting_table":5,"minecraft:grass":1,"minecraft:oak_log":2,"minecraft:coal_ore":12,"minecraft:cobblestone":4,"minecraft:spruce_leaves":8,"minecraft:stone":12,"minecraft:fern":1},"minecraft:picked_up":{"minecraft:birch_log":14,"minecraft:crafting_table":5,"minecraft:feather":1,"minecraft:cooked_beef":2,"minecraft:chicken":2,"minecraft:brown_mushroom":1,"minecraft:oak_log":2,"minecraft:spruce_log":25,"minecraft:mossy_cobblestone":9,"minecraft:arrow":1,"minecraft:oak_boat":1,"minecraft:mutton":2,"minecraft:coal":9,"minecraft:white_wool":1,"minecraft:cobblestone":15,"minecraft:egg":1},"minecraft:custom":{"minecraft:time_since_rest":5561,"minecraft:damage_taken":1500,"minecraft:sprint_one_cm":27872,"minecraft:walk_one_cm":44521,"minecraft:mob_kills":4,"minecraft:drop":2,"minecraft:damage_dealt":383,"minecraft:swim_one_cm":18345,"minecraft:interact_with_crafting_table":9,"minecraft:fly_one_cm":40171,"minecraft:play_time":23026,"minecraft:deaths":5,"minecraft:walk_under_water_one_cm":2567,"minecraft:boat_one_cm":70075,"minecraft:jump":369,"minecraft:time_since_death":5525,"minecraft:walk_on_water_one_cm":7330,"minecraft:total_world_time":23026,"minecraft:fall_one_cm":15819},"minecraft:used":{"minecraft:wooden_axe":13,"minecraft:stone_pickaxe":17,"minecraft:spruce_planks":3,"minecraft:wooden_pickaxe":22,"minecraft:brown_mushroom":1,"minecraft:stone_axe":28,"minecraft:mossy_cobblestone":9,"minecraft:crafting_table":7,"minecraft:oak_boat":1,"minecraft:cooked_beef":1}},"DataVersion":3465}