{"stats":{"minecraft:crafted":{"minecraft:crafting_table":1,"minecraft:stick":8,"minecraft:spruce_planks":16,"minecraft:wooden_pickaxe":1,"minecraft:stone_pickaxe":1,"minecraft:wooden_axe":1,"minecraft:stone_axe":1},"minecraft:killed":{"minecraft:sheep":1,"minecraft:skeleton":1,"minecraft:chicken":2},"minecraft:killed_by":{"minecraft:skeleton":1},"minecraft:dropped":{"minecraft:wooden_axe":1,"minecraft:wooden_pickaxe":1},"minecraft:mined":{"minecraft:brown_mushroom":1,"minecraft:mossy_cobblestone":9,"minecraft:birch_log":14,"minecraft:spruce_log":5,"minecraft:crafting_table":3,"minecraft:grass":1,"minecraft:coal_ore":12,"minecraft:cobblestone":4,"minecraft:spruce_leaves":2,"minecraft:stone":8,"minecraft:fern":1},"minecraft:picked_up":{"minecraft:birch_log":14,"minecraft:crafting_table":3,"minecraft:feather":1,"minecraft:cooked_beef":2,"minecraft:chicken":2,"minecraft:brown_mushroom":1,"minecraft:spruce_log":4,"minecraft:mossy_cobblestone":9,"minecraft:arrow":1,"minecraft:mutton":2,"minecraft:coal":9,"minecraft:white_wool":1,"minecraft:cobblestone":11,"minecraft:egg":1},"minecraft:custom":{"minecraft:time_since_rest":824,"minecraft:damage_taken":335,"minecraft:sprint_one_cm":14751,"minecraft:walk_one_cm":25583,"minecraft:mob_kills":4,"minecraft:drop":2,"minecraft:damage_dealt":337,"minecraft:interact_with_crafting_table":4,"minecraft:fly_one_cm":18929,"minecraft:play_time":11026,"minecraft:deaths":1,"minecraft:jump":196,"minecraft:time_since_death":784,"minecraft:walk_on_water_one_cm":718,"minecraft:total_world_time":11026,"minecraft:fall_one_cm":8183},"minecraft:used":{"minecraft:wooden_axe":6,"minecraft:stone_pickaxe":17,"minecraft:spruce_planks":1,"minecraft:wooden_pickaxe":16,"minecraft:brown_mushroom":1,"minecraft:stone_axe":28,"minecraft:mossy_cobblestone":9,"minecraft:crafting_table":3,"minecraft:cooked_beef":1}},"DataVersion":3465}