{"stats":{"minecraft:dropped":{"minecraft:wooden_axe":1,"minecraft:wooden_pickaxe":1},"minecraft:picked_up":{"minecraft:wooden_axe":3,"minecraft:birch_log":32,"minecraft:magma_block":9,"minecraft:crafting_table":13,"minecraft:feather":1,"minecraft:cooked_beef":2,"minecraft:chicken":2,"minecraft:salmon":1,"minecraft:clay_ball":4,"minecraft:andesite":1,"minecraft:brown_mushroom":1,"minecraft:wooden_pickaxe":3,"minecraft:potato":1,"minecraft:oak_log":6,"minecraft:dirt":4,"minecraft:bone":6,"minecraft:wheat_seeds":5,"minecraft:stone_pickaxe":2,"minecraft:spore_blossom":1,"minecraft:beef":3,"minecraft:oak_boat":2,"minecraft:rose_bush":1,"minecraft:moss_block":10,"minecraft:sugar_cane":22,"minecraft:furnace":1,"minecraft:egg":2,"minecraft:raw_iron":3,"minecraft:torch":1,"minecraft:white_bed":2,"minecraft:spruce_log":70,"minecraft:mossy_cobblestone":9,"minecraft:arrow":10,"minecraft:rotten_flesh":8,"minecraft:stone_axe":2,"minecraft:tropical_fish":1,"minecraft:spruce_boat":1,"minecraft:gray_wool":2,"minecraft:golden_horse_armor":2,"minecraft:saddle":2,"minecraft:glow_berries":1,"minecraft:mutton":16,"minecraft:coal":125,"minecraft:white_wool":9,"minecraft:cobblestone":86},"minecraft:mined":{"minecraft:white_bed":2,"minecraft:brown_mushroom":2,"minecraft:mossy_cobblestone":9,"minecraft:clay":1,"minecraft:crafting_table":13,"minecraft:cave_vines_plant":1,"minecraft:grass_block":2,"minecraft:rose_bush":1,"minecraft:mushroom_stem":4,"minecraft:tall_grass":1,"minecraft:cobblestone":4,"minecraft:spruce_leaves":8,"minecraft:sugar_cane":7,"minecraft:moss_block":10,"minecraft:large_fern":6,"minecraft:tall_seagrass":1,"minecraft:spore_blossom":1,"minecraft:magma_block":5,"minecraft:furnace":1,"minecraft:birch_log":32,"minecraft:iron_ore":3,"minecraft:ice":1,"minecraft:spruce_log":69,"minecraft:andesite":1,"minecraft:birch_leaves":1,"minecraft:grass":11,"minecraft:oak_log":6,"minecraft:coal_ore":95,"minecraft:dirt":2,"minecraft:stone":78,"minecraft:fern":13},"minecraft:killed_by":{"minecraft:zombie_villager":1,"minecraft:skeleton":4,"minecraft:creeper":2,"minecraft:zombie":9},"minecraft:killed":{"minecraft:salmon":1,"minecraft:sheep":9,"minecraft:skeleton":2,"minecraft:zombie":5,"minecraft:chicken":2,"minecraft:tropical_fish":1,"minecraft:cow":1},"minecraft:custom":{"minecraft:interact_with_furnace":17,"minecraft:mob_kills":22,"minecraft:interact_with_cartography_table":2,"minecraft:interact_with_crafting_table":29,"minecraft:interact_with_grindstone":1,"minecraft:leave_game":2,"minecraft:time_since_death":638,"minecraft:sleep_in_bed":3,"minecraft:climb_one_cm":893,"minecraft:time_since_rest":535,"minecraft:sprint_one_cm":221446,"minecraft:damage_taken":5595,"minecraft:walk_one_cm":230884,"minecraft:drop":2,"minecraft:damage_dealt":3098,"minecraft:swim_one_cm":70770,"minecraft:fly_one_cm":254173,"minecraft:open_chest":15,"minecraft:crouch_one_cm":91,"minecraft:play_time":109059,"minecraft:deaths":19,"minecraft:sneak_time":413,"minecraft:walk_under_water_one_cm":32497,"minecraft:boat_one_cm":438728,"minecraft:jump":1830,"minecraft:walk_on_water_one_cm":19421,"minecraft:total_world_time":109059,"minecraft:fall_one_cm":57504},"minecraft:used":{"minecraft:moss_block":3,"minecraft:cooked_mutton":3,"minecraft:tropical_fish":1,"minecraft:stone_pickaxe":139,"minecraft:baked_potato":1,"minecraft:spruce_planks":19,"minecraft:wooden_pickaxe":74,"minecraft:brown_mushroom":1,"minecraft:rotten_flesh":2,"minecraft:torch":8,"minecraft:mossy_cobblestone":9,"minecraft:glow_berries":1,"minecraft:dirt":4,"minecraft:crafting_table":17,"minecraft:white_bed":2,"minecraft:spruce_log":1,"minecraft:spruce_boat":1,"minecraft:wooden_axe":80,"minecraft:spore_blossom":1,"minecraft:stone_axe":101,"minecraft:magma_block":5,"minecraft:cobblestone":8,"minecraft:furnace":2,"minecraft:birch_log":2,"minecraft:egg":1,"minecraft:oak_boat":2,"minecraft:cooked_beef":4},"minecraft:crafted":{"minecraft:cooked_beef":3,"minecraft:oak_planks":24,"minecraft:crafting_table":10,"minecraft:spruce_planks":236,"minecraft:wooden_pickaxe":8,"minecraft:baked_potato":1,"minecraft:furnace":2,"minecraft:stone_axe":4,"minecraft:cooked_mutton":3,"minecraft:oak_boat":1,"minecraft:stick":108,"minecraft:stone_pickaxe":6,"minecraft:wooden_axe":7,"minecraft:spruce_boat":1,"minecraft:torch":176}},"DataVersion":3465}