{"stats":{"minecraft:dropped":{"minecraft:iron_ingot":3,"minecraft:wooden_axe":1,"minecraft:wooden_pickaxe":1},"minecraft:picked_up":{"minecraft:wooden_axe":3,"minecraft:crafting_table":13,"minecraft:iron_chestplate":2,"minecraft:chicken":2,"minecraft:clay_ball":4,"minecraft:brown_mushroom":1,"minecraft:wooden_pickaxe":3,"minecraft:shield":2,"minecraft:raw_copper":38,"minecraft:iron_axe":2,"minecraft:iron_leggings":2,"minecraft:cobbled_deepslate":5,"minecraft:beef":3,"minecraft:oak_boat":2,"minecraft:rose_bush":1,"minecraft:iron_pickaxe":2,"minecraft:sugar_cane":22,"minecraft:furnace":1,"minecraft:iron_boots":2,"minecraft:egg":3,"minecraft:raw_iron":3,"minecraft:stick":6,"minecraft:torch":1,"minecraft:diorite":40,"minecraft:arrow":12,"minecraft:rotten_flesh":8,"minecraft:tropical_fish":1,"minecraft:saddle":2,"minecraft:glow_berries":1,"minecraft:mutton":19,"minecraft:white_wool":10,"minecraft:cobblestone":116,"minecraft:birch_log":32,"minecraft:magma_block":9,"minecraft:feather":1,"minecraft:cooked_beef":10,"minecraft:salmon":1,"minecraft:andesite":1,"minecraft:potato":1,"minecraft:oak_log":11,"minecraft:dirt":4,"minecraft:bone":8,"minecraft:wheat_seeds":8,"minecraft:spore_blossom":1,"minecraft:iron_ingot":6,"minecraft:stone_pickaxe":2,"minecraft:moss_block":10,"minecraft:oak_planks":20,"minecraft:iron_sword":2,"minecraft:white_bed":2,"minecraft:spruce_log":70,"minecraft:mossy_cobblestone":9,"minecraft:stone_axe":2,"minecraft:spruce_boat":1,"minecraft:iron_helmet":2,"minecraft:granite":7,"minecraft:gray_wool":3,"minecraft:golden_horse_armor":2,"minecraft:coal":125},"minecraft:mined":{"minecraft:white_bed":2,"minecraft:mossy_cobblestone":9,"minecraft:cave_vines_plant":1,"minecraft:granite":7,"minecraft:grass_block":2,"minecraft:spruce_leaves":8,"minecraft:moss_block":10,"minecraft:large_fern":6,"minecraft:tall_seagrass":1,"minecraft:spore_blossom":1,"minecraft:magma_block":5,"minecraft:furnace":1,"minecraft:iron_ore":3,"minecraft:andesite":1,"minecraft:stone":108,"minecraft:brown_mushroom":2,"minecraft:clay":1,"minecraft:crafting_table":13,"minecraft:rose_bush":1,"minecraft:mushroom_stem":4,"minecraft:cobblestone":4,"minecraft:tall_grass":1,"minecraft:copper_ore":7,"minecraft:sugar_cane":7,"minecraft:diorite":40,"minecraft:deepslate_copper_ore":5,"minecraft:birch_log":32,"minecraft:ice":1,"minecraft:spruce_log":69,"minecraft:birch_leaves":1,"minecraft:grass":12,"minecraft:coal_ore":95,"minecraft:oak_log":11,"minecraft:dirt":2,"minecraft:oak_leaves":1,"minecraft:deepslate":5,"minecraft:fern":13},"minecraft:killed_by":{"minecraft:zombie_villager":1,"minecraft:creeper":2,"minecraft:skeleton":7,"minecraft:zombie":9},"minecraft:killed":{"minecraft:skeleton":3,"minecraft:chicken":2,"minecraft:tropical_fish":1,"minecraft:salmon":1,"minecraft:sheep":11,"minecraft:zombie":5,"minecraft:cow":1},"minecraft:custom":{"minecraft:mob_kills":25,"minecraft:interact_with_crafting_table":35,"minecraft:leave_game":2,"minecraft:time_since_death":10597,"minecraft:climb_one_cm":893,"minecraft:sprint_one_cm":262256,"minecraft:walk_one_cm":272270,"minecraft:drop":5,"minecraft:play_time":150416,"minecraft:deaths":22,"minecraft:sneak_time":413,"minecraft:walk_under_water_one_cm":38355,"minecraft:boat_one_cm":438728,"minecraft:jump":2277,"minecraft:walk_on_water_one_cm":20915,"minecraft:total_world_time":150416,"minecraft:interact_with_furnace":26,"minecraft:interact_with_cartography_table":2,"minecraft:interact_with_grindstone":1,"minecraft:sleep_in_bed":3,"minecraft:time_since_rest":10632,"minecraft:damage_taken":6718,"minecraft:damage_dealt":3458,"minecraft:swim_one_cm":94896,"minecraft:fly_one_cm":316047,"minecraft:open_chest":23,"minecraft:crouch_one_cm":91,"minecraft:fall_one_cm":65403},"minecraft:used":{"minecraft:moss_block":3,"minecraft:tropical_fish":1,"minecraft:spruce_planks":19,"minecraft:iron_sword":7,"minecraft:rotten_flesh":2,"minecraft:iron_chestplate":3,"minecraft:torch":8,"minecraft:dirt":4,"minecraft:spruce_boat":1,"minecraft:wooden_axe":80,"minecraft:iron_axe":4,"minecraft:iron_helmet":2,"minecraft:iron_boots":3,"minecraft:magma_block":5,"minecraft:furnace":2,"minecraft:egg":1,"minecraft:cooked_beef":9,"minecraft:iron_leggings":3,"minecraft:cooked_mutton":3,"minecraft:stone_pickaxe":139,"minecraft:baked_potato":1,"minecraft:wooden_pickaxe":74,"minecraft:brown_mushroom":1,"minecraft:glow_berries":1,"minecraft:mossy_cobblestone":9,"minecraft:crafting_table":17,"minecraft:white_bed":2,"minecraft:spruce_log":1,"minecraft:iron_pickaxe":94,"minecraft:spore_blossom":1,"minecraft:stone_axe":101,"minecraft:cobblestone":23,"minecraft:birch_log":2,"minecraft:oak_boat":2},"minecraft:crafted":{"minecraft:oak_planks":44,"minecraft:furnace":2,"minecraft:cooked_mutton":3,"minecraft:iron_boots":1,"minecraft:iron_axe":1,"minecraft:stone_pickaxe":6,"minecraft:spruce_boat":1,"minecraft:cooked_beef":3,"minecraft:crafting_table":10,"minecraft:spruce_planks":236,"minecraft:wooden_pickaxe":8,"minecraft:baked_potato":1,"minecraft:iron_helmet":1,"minecraft:iron_sword":1,"minecraft:stone_axe":4,"minecraft:oak_boat":1,"minecraft:iron_chestplate":1,"minecraft:shield":1,"minecraft:stick":116,"minecraft:iron_ingot":36,"minecraft:iron_pickaxe":1,"minecraft:wooden_axe":7,"minecraft:iron_leggings":1,"minecraft:torch":176}},"DataVersion":3465}