{"stats":{"minecraft:crafted":{"minecraft:oak_planks":8,"minecraft:crafting_table":8,"minecraft:spruce_planks":160,"minecraft:wooden_pickaxe":6,"minecraft:stone_axe":2,"minecraft:oak_boat":1,"minecraft:stick":52,"minecraft:stone_pickaxe":4,"minecraft:wooden_axe":5,"minecraft:spruce_boat":1,"minecraft:torch":16},"minecraft:killed":{"minecraft:salmon":1,"minecraft:sheep":1,"minecraft:skeleton":1,"minecraft:zombie":1,"minecraft:chicken":2,"minecraft:tropical_fish":1},"minecraft:dropped":{"minecraft:wooden_axe":1,"minecraft:wooden_pickaxe":1},"minecraft:killed_by":{"minecraft:zombie_villager":1,"minecraft:skeleton":4,"minecraft:creeper":1,"minecraft:zombie":5},"minecraft:mined":{"minecraft:brown_mushroom":1,"minecraft:mossy_cobblestone":9,"minecraft:clay":1,"minecraft:crafting_table":9,"minecraft:cave_vines_plant":1,"minecraft:mushroom_stem":4,"minecraft:cobblestone":4,"minecraft:spruce_leaves":8,"minecraft:sugar_cane":7,"minecraft:moss_block":7,"minecraft:tall_seagrass":1,"minecraft:spore_blossom":1,"minecraft:birch_log":32,"minecraft:iron_ore":3,"minecraft:ice":1,"minecraft:spruce_log":48,"minecraft:birch_leaves":1,"minecraft:andesite":1,"minecraft:grass":3,"minecraft:coal_ore":49,"minecraft:oak_log":2,"minecraft:stone":40,"minecraft:fern":3},"minecraft:picked_up":{"minecraft:wooden_axe":1,"minecraft:birch_log":32,"minecraft:crafting_table":9,"minecraft:feather":1,"minecraft:cooked_beef":2,"minecraft:chicken":2,"minecraft:salmon":1,"minecraft:clay_ball":4,"minecraft:andesite":1,"minecraft:brown_mushroom":1,"minecraft:wooden_pickaxe":1,"minecraft:oak_log":2,"minecraft:spore_blossom":1,"minecraft:oak_boat":2,"minecraft:moss_block":7,"minecraft:sugar_cane":22,"minecraft:egg":1,"minecraft:raw_iron":3,"minecraft:torch":1,"minecraft:spruce_log":49,"minecraft:mossy_cobblestone":9,"minecraft:arrow":1,"minecraft:rotten_flesh":2,"minecraft:tropical_fish":1,"minecraft:spruce_boat":1,"minecraft:glow_berries":1,"minecraft:mutton":2,"minecraft:coal":46,"minecraft:white_wool":1,"minecraft:cobblestone":43},"minecraft:custom":{"minecraft:mob_kills":7,"minecraft:interact_with_crafting_table":17,"minecraft:leave_game":1,"minecraft:time_since_death":0,"minecraft:climb_one_cm":84,"minecraft:time_since_rest":247,"minecraft:sprint_one_cm":69989,"minecraft:damage_taken":3580,"minecraft:walk_one_cm":108825,"minecraft:drop":2,"minecraft:damage_dealt":825,"minecraft:swim_one_cm":42195,"minecraft:fly_one_cm":82174,"minecraft:open_chest":1,"minecraft:crouch_one_cm":91,"minecraft:play_time":60993,"minecraft:deaths":13,"minecraft:sneak_time":210,"minecraft:walk_under_water_one_cm":26032,"minecraft:boat_one_cm":438728,"minecraft:jump":814,"minecraft:walk_on_water_one_cm":15958,"minecraft:total_world_time":60993,"minecraft:fall_one_cm":29203},"minecraft:used":{"minecraft:tropical_fish":1,"minecraft:stone_pickaxe":78,"minecraft:spruce_planks":3,"minecraft:wooden_pickaxe":44,"minecraft:brown_mushroom":1,"minecraft:rotten_flesh":1,"minecraft:torch":7,"minecraft:mossy_cobblestone":9,"minecraft:glow_berries":1,"minecraft:crafting_table":12,"minecraft:spruce_boat":1,"minecraft:wooden_axe":42,"minecraft:spore_blossom":1,"minecraft:stone_axe":45,"minecraft:birch_log":2,"minecraft:oak_boat":2,"minecraft:cooked_beef":1}},"DataVersion":3465}