{"stats":{"minecraft:dropped":{"minecraft:wooden_axe":1,"minecraft:wooden_pickaxe":1},"minecraft:picked_up":{"minecraft:wooden_axe":1,"minecraft:birch_log":32,"minecraft:crafting_table":11,"minecraft:feather":1,"minecraft:cooked_beef":2,"minecraft:chicken":2,"minecraft:salmon":1,"minecraft:clay_ball":4,"minecraft:andesite":1,"minecraft:brown_mushroom":1,"minecraft:wooden_pickaxe":1,"minecraft:oak_log":2,"minecraft:dirt":2,"minecraft:wheat_seeds":5,"minecraft:spore_blossom":1,"minecraft:oak_boat":2,"minecraft:moss_block":7,"minecraft:sugar_cane":22,"minecraft:egg":1,"minecraft:raw_iron":3,"minecraft:torch":1,"minecraft:spruce_log":68,"minecraft:mossy_cobblestone":9,"minecraft:arrow":1,"minecraft:rotten_flesh":2,"minecraft:tropical_fish":1,"minecraft:spruce_boat":1,"minecraft:glow_berries":1,"minecraft:mutton":2,"minecraft:coal":50,"minecraft:white_wool":1,"minecraft:cobblestone":55},"minecraft:mined":{"minecraft:brown_mushroom":2,"minecraft:mossy_cobblestone":9,"minecraft:clay":1,"minecraft:crafting_table":11,"minecraft:cave_vines_plant":1,"minecraft:mushroom_stem":4,"minecraft:cobblestone":4,"minecraft:spruce_leaves":8,"minecraft:sugar_cane":7,"minecraft:moss_block":7,"minecraft:large_fern":6,"minecraft:tall_seagrass":1,"minecraft:spore_blossom":1,"minecraft:birch_log":32,"minecraft:iron_ore":3,"minecraft:ice":1,"minecraft:spruce_log":67,"minecraft:andesite":1,"minecraft:birch_leaves":1,"minecraft:grass":3,"minecraft:oak_log":2,"minecraft:coal_ore":54,"minecraft:dirt":2,"minecraft:stone":52,"minecraft:fern":13},"minecraft:killed_by":{"minecraft:zombie_villager":1,"minecraft:skeleton":4,"minecraft:creeper":1,"minecraft:zombie":5},"minecraft:killed":{"minecraft:salmon":1,"minecraft:sheep":1,"minecraft:skeleton":1,"minecraft:zombie":1,"minecraft:chicken":2,"minecraft:tropical_fish":1},"minecraft:custom":{"minecraft:mob_kills":7,"minecraft:interact_with_crafting_table":20,"minecraft:leave_game":1,"minecraft:time_since_death":5968,"minecraft:climb_one_cm":84,"minecraft:time_since_rest":6369,"minecraft:sprint_one_cm":76906,"minecraft:damage_taken":3750,"minecraft:walk_one_cm":117781,"minecraft:drop":2,"minecraft:damage_dealt":825,"minecraft:swim_one_cm":42195,"minecraft:fly_one_cm":84638,"minecraft:open_chest":1,"minecraft:crouch_one_cm":91,"minecraft:play_time":67115,"minecraft:deaths":13,"minecraft:sneak_time":210,"minecraft:walk_under_water_one_cm":26032,"minecraft:boat_one_cm":438728,"minecraft:jump":849,"minecraft:walk_on_water_one_cm":15958,"minecraft:total_world_time":67115,"minecraft:fall_one_cm":32162},"minecraft:used":{"minecraft:tropical_fish":1,"minecraft:stone_pickaxe":83,"minecraft:spruce_planks":3,"minecraft:wooden_pickaxe":57,"minecraft:brown_mushroom":1,"minecraft:rotten_flesh":1,"minecraft:torch":7,"minecraft:mossy_cobblestone":9,"minecraft:glow_berries":1,"minecraft:dirt":1,"minecraft:crafting_table":14,"minecraft:spruce_boat":1,"minecraft:wooden_axe":71,"minecraft:spore_blossom":1,"minecraft:stone_axe":46,"minecraft:cobblestone":6,"minecraft:birch_log":2,"minecraft:oak_boat":2,"minecraft:cooked_beef":1},"minecraft:crafted":{"minecraft:oak_planks":8,"minecraft:crafting_table":9,"minecraft:spruce_planks":236,"minecraft:wooden_pickaxe":7,"minecraft:stone_axe":3,"minecraft:oak_boat":1,"minecraft:stick":60,"minecraft:stone_pickaxe":5,"minecraft:wooden_axe":6,"minecraft:spruce_boat":1,"minecraft:torch":16}},"DataVersion":3465}