{"stats":{"minecraft:dropped":{"minecraft:wooden_axe":1,"minecraft:wooden_pickaxe":1},"minecraft:picked_up":{"minecraft:wooden_axe":1,"minecraft:birch_log":32,"minecraft:crafting_table":12,"minecraft:feather":1,"minecraft:cooked_beef":2,"minecraft:chicken":2,"minecraft:salmon":1,"minecraft:clay_ball":4,"minecraft:andesite":1,"minecraft:brown_mushroom":1,"minecraft:wooden_pickaxe":1,"minecraft:oak_log":2,"minecraft:dirt":4,"minecraft:wheat_seeds":5,"minecraft:spore_blossom":1,"minecraft:beef":3,"minecraft:oak_boat":2,"minecraft:rose_bush":1,"minecraft:moss_block":10,"minecraft:sugar_cane":22,"minecraft:furnace":1,"minecraft:egg":1,"minecraft:raw_iron":3,"minecraft:torch":1,"minecraft:spruce_log":70,"minecraft:mossy_cobblestone":9,"minecraft:arrow":1,"minecraft:rotten_flesh":2,"minecraft:tropical_fish":1,"minecraft:spruce_boat":1,"minecraft:glow_berries":1,"minecraft:mutton":2,"minecraft:coal":125,"minecraft:white_wool":1,"minecraft:cobblestone":66},"minecraft:mined":{"minecraft:brown_mushroom":2,"minecraft:mossy_cobblestone":9,"minecraft:clay":1,"minecraft:crafting_table":12,"minecraft:cave_vines_plant":1,"minecraft:grass_block":2,"minecraft:rose_bush":1,"minecraft:mushroom_stem":4,"minecraft:cobblestone":4,"minecraft:spruce_leaves":8,"minecraft:sugar_cane":7,"minecraft:moss_block":10,"minecraft:large_fern":6,"minecraft:tall_seagrass":1,"minecraft:spore_blossom":1,"minecraft:furnace":1,"minecraft:birch_log":32,"minecraft:iron_ore":3,"minecraft:ice":1,"minecraft:spruce_log":69,"minecraft:andesite":1,"minecraft:birch_leaves":1,"minecraft:grass":3,"minecraft:oak_log":2,"minecraft:coal_ore":95,"minecraft:dirt":2,"minecraft:stone":63,"minecraft:fern":13},"minecraft:killed_by":{"minecraft:zombie_villager":1,"minecraft:skeleton":4,"minecraft:creeper":1,"minecraft:zombie":6},"minecraft:killed":{"minecraft:salmon":1,"minecraft:sheep":1,"minecraft:skeleton":1,"minecraft:zombie":2,"minecraft:chicken":2,"minecraft:tropical_fish":1,"minecraft:cow":1},"minecraft:custom":{"minecraft:interact_with_furnace":6,"minecraft:mob_kills":9,"minecraft:interact_with_cartography_table":2,"minecraft:interact_with_crafting_table":21,"minecraft:interact_with_grindstone":1,"minecraft:leave_game":1,"minecraft:time_since_death":20,"minecraft:climb_one_cm":893,"minecraft:time_since_rest":64,"minecraft:sprint_one_cm":165409,"minecraft:damage_taken":4240,"minecraft:walk_one_cm":176752,"minecraft:drop":2,"minecraft:damage_dealt":1362,"minecraft:swim_one_cm":70770,"minecraft:fly_one_cm":164482,"minecraft:open_chest":6,"minecraft:crouch_one_cm":91,"minecraft:play_time":91115,"minecraft:deaths":15,"minecraft:sneak_time":413,"minecraft:walk_under_water_one_cm":32497,"minecraft:boat_one_cm":438728,"minecraft:jump":1378,"minecraft:walk_on_water_one_cm":19421,"minecraft:total_world_time":91115,"minecraft:fall_one_cm":44314},"minecraft:used":{"minecraft:moss_block":3,"minecraft:tropical_fish":1,"minecraft:stone_pickaxe":136,"minecraft:spruce_planks":19,"minecraft:wooden_pickaxe":57,"minecraft:brown_mushroom":1,"minecraft:rotten_flesh":1,"minecraft:torch":8,"minecraft:mossy_cobblestone":9,"minecraft:glow_berries":1,"minecraft:dirt":4,"minecraft:crafting_table":15,"minecraft:spruce_log":1,"minecraft:spruce_boat":1,"minecraft:wooden_axe":75,"minecraft:spore_blossom":1,"minecraft:stone_axe":57,"minecraft:cobblestone":6,"minecraft:furnace":1,"minecraft:birch_log":2,"minecraft:oak_boat":2,"minecraft:cooked_beef":4},"minecraft:crafted":{"minecraft:cooked_beef":3,"minecraft:oak_planks":8,"minecraft:crafting_table":9,"minecraft:spruce_planks":236,"minecraft:wooden_pickaxe":7,"minecraft:furnace":1,"minecraft:stone_axe":3,"minecraft:oak_boat":1,"minecraft:stick":100,"minecraft:stone_pickaxe":5,"minecraft:wooden_axe":6,"minecraft:spruce_boat":1,"minecraft:torch":176}},"DataVersion":3465}