{"stats":{"minecraft:dropped":{"minecraft:iron_ingot":2,"minecraft:wheat_seeds":48,"minecraft:oak_log":63,"minecraft:diamond":20,"minecraft:cobblestone":2,"minecraft:sunflower":2,"minecraft:iron_pickaxe":2,"minecraft:birch_log":15,"minecraft:stone_axe":1,"minecraft:sweet_berries":1,"minecraft:oak_planks":1,"minecraft:iron_chestplate":1,"minecraft:stone_pickaxe":1,"minecraft:wooden_pickaxe":1,"minecraft:egg":1},"minecraft:picked_up":{"minecraft:wooden_axe":3,"minecraft:iron_chestplate":6,"minecraft:coarse_dirt":1,"minecraft:crafting_table":21,"minecraft:wheat":57,"minecraft:clay_ball":24,"minecraft:leather_leggings":3,"minecraft:wooden_pickaxe":6,"minecraft:shield":6,"minecraft:amethyst_block":13,"minecraft:cornflower":1,"minecraft:oak_trapdoor":70,"minecraft:string":5,"minecraft:moss_carpet":8,"minecraft:raw_copper":12,"minecraft:iron_axe":3,"minecraft:iron_leggings":5,"minecraft:iron_shovel":1,"minecraft:cartography_table":1,"minecraft:cobbled_deepslate":311,"minecraft:spruce_planks":49,"minecraft:beef":88,"minecraft:calcite":12,"minecraft:azalea":2,"minecraft:iron_pickaxe":9,"minecraft:sugar_cane":193,"minecraft:chest":5,"minecraft:birch_sapling":4,"minecraft:furnace":13,"minecraft:iron_boots":5,"minecraft:egg":3,"minecraft:stick":44,"minecraft:raw_iron":147,"minecraft:birch_trapdoor":28,"minecraft:torch":81,"minecraft:porkchop":7,"minecraft:pointed_dripstone":6,"minecraft:diorite":15,"minecraft:redstone":15,"minecraft:golden_chestplate":2,"minecraft:cauldron":1,"minecraft:arrow":14,"minecraft:rotten_flesh":23,"minecraft:tropical_fish":4,"minecraft:beetroot_seeds":3,"minecraft:shears":4,"minecraft:saddle":5,"minecraft:glow_berries":1,"minecraft:obsidian":12,"minecraft:mutton":12,"minecraft:white_wool":9,"minecraft:cobblestone":514,"minecraft:birch_log":40,"minecraft:cooked_beef":47,"minecraft:water_bucket":1,"minecraft:andesite":33,"minecraft:leather":53,"minecraft:potato":10,"minecraft:birch_planks":4,"minecraft:tuff":65,"minecraft:oak_log":123,"minecraft:gunpowder":14,"minecraft:paper":24,"minecraft:lapis_lazuli":33,"minecraft:dirt":260,"minecraft:cooked_mutton":9,"minecraft:bone":7,"minecraft:apple":4,"minecraft:kelp":1,"minecraft:bow":2,"minecraft:wheat_seeds":226,"minecraft:raw_gold":12,"minecraft:cobbled_deepslate_slab":16,"minecraft:grindstone":1,"minecraft:iron_ingot":9,"minecraft:stone_pickaxe":6,"minecraft:moss_block":43,"minecraft:oak_planks":22,"minecraft:smooth_basalt":9,"minecraft:cooked_porkchop":3,"minecraft:sweet_berries":102,"minecraft:raw_iron_block":1,"minecraft:gravel":12,"minecraft:dripstone_block":21,"minecraft:sand":1,"minecraft:amethyst_shard":6,"minecraft:spruce_sapling":6,"minecraft:white_bed":2,"minecraft:spruce_log":90,"minecraft:spruce_door":4,"minecraft:spider_eye":2,"minecraft:leather_helmet":4,"minecraft:iron_hoe":2,"minecraft:pumpkin_seeds":3,"minecraft:purple_bed":1,"minecraft:diamond":17,"minecraft:stone_axe":11,"minecraft:iron_helmet":6,"minecraft:granite":9,"minecraft:diamond_axe":2,"minecraft:bone_meal":1,"minecraft:golden_apple":1,"minecraft:gray_wool":3,"minecraft:golden_horse_armor":3,"minecraft:emerald":16,"minecraft:oak_sapling":7,"minecraft:oak_leaves":65,"minecraft:coal":957,"minecraft:diamond_pickaxe":2,"minecraft:sunflower":6},"minecraft:mined":{"minecraft:tuff":78,"minecraft:spruce_planks":2,"minecraft:white_bed":2,"minecraft:deepslate_diamond_ore":13,"minecraft:budding_amethyst":2,"minecraft:granite":9,"minecraft:grass_block":38,"minecraft:spruce_leaves":39,"minecraft:moss_block":42,"minecraft:cartography_table":1,"minecraft:spawner":1,"minecraft:large_fern":20,"minecraft:tall_seagrass":5,"minecraft:raw_iron_block":1,"minecraft:furnace":12,"minecraft:iron_ore":63,"minecraft:cobbled_deepslate":3,"minecraft:andesite":33,"minecraft:moss_carpet":2,"minecraft:deepslate_lapis_ore":3,"minecraft:potatoes":1,"minecraft:dirt_path":15,"minecraft:pointed_dripstone":5,"minecraft:water_cauldron":1,"minecraft:cave_vines":3,"minecraft:deepslate_iron_ore":83,"minecraft:stone":390,"minecraft:podzol":3,"minecraft:deepslate_redstone_ore":3,"minecraft:glass_pane":1,"minecraft:kelp_plant":1,"minecraft:clay":6,"minecraft:cornflower":2,"minecraft:crafting_table":19,"minecraft:torch":4,"minecraft:calcite":12,"minecraft:chest":3,"minecraft:copper_ore":3,"minecraft:tall_grass":54,"minecraft:cobblestone":36,"minecraft:deepslate_gold_ore":10,"minecraft:lapis_ore":2,"minecraft:grindstone":1,"minecraft:sugar_cane":35,"minecraft:diorite":16,"minecraft:wall_torch":5,"minecraft:amethyst_block":16,"minecraft:seagrass":2,"minecraft:purple_bed":1,"minecraft:coarse_dirt":1,"minecraft:birch_log":6,"minecraft:wheat":49,"minecraft:sweet_berry_bush":32,"minecraft:spruce_log":82,"minecraft:grass":395,"minecraft:oak_log":85,"minecraft:coal_ore":454,"minecraft:gravel":5,"minecraft:dirt":64,"minecraft:sunflower":2,"minecraft:dripstone_block":20,"minecraft:smooth_basalt":12,"minecraft:oak_leaves":77,"minecraft:deepslate":274,"minecraft:fern":65},"minecraft:killed_by":{"minecraft:creeper":2,"minecraft:drowned":2,"minecraft:cave_spider":1,"minecraft:skeleton":7,"minecraft:guardian":1,"minecraft:witch":1,"minecraft:zombie":6},"minecraft:killed":{"minecraft:spider":3,"minecraft:skeleton":2,"minecraft:horse":3,"minecraft:drowned":2,"minecraft:pig":3,"minecraft:zombie_villager":1,"minecraft:creeper":1,"minecraft:sheep":7,"minecraft:donkey":1,"minecraft:zombie":8,"minecraft:cow":31},"minecraft:custom":{"minecraft:mob_kills":67,"minecraft:animals_bred":10,"minecraft:interact_with_crafting_table":68,"minecraft:interact_with_campfire":9,"minecraft:leave_game":22,"minecraft:time_since_death":20834,"minecraft:climb_one_cm":3324,"minecraft:sprint_one_cm":711445,"minecraft:walk_one_cm":966737,"minecraft:damage_blocked_by_shield":3840,"minecraft:drop":83,"minecraft:talked_to_villager":16,"minecraft:play_time":337215,"minecraft:sneak_time":2656,"minecraft:deaths":27,"minecraft:walk_under_water_one_cm":85274,"minecraft:boat_one_cm":91877,"minecraft:jump":5773,"minecraft:walk_on_water_one_cm":82576,"minecraft:total_world_time":337215,"minecraft:interact_with_furnace":78,"minecraft:traded_with_villager":16,"minecraft:sleep_in_bed":6,"minecraft:time_since_rest":20892,"minecraft:damage_taken":10748,"minecraft:damage_absorbed":22,"minecraft:damage_dealt":9253,"minecraft:swim_one_cm":133189,"minecraft:fly_one_cm":780887,"minecraft:open_chest":80,"minecraft:crouch_one_cm":1103,"minecraft:fall_one_cm":159169},"minecraft:used":{"minecraft:azalea":2,"minecraft:moss_block":33,"minecraft:tropical_fish":4,"minecraft:chest":5,"minecraft:spruce_planks":9,"minecraft:shield":79,"minecraft:rotten_flesh":3,"minecraft:iron_chestplate":3,"minecraft:torch":37,"minecraft:dirt":154,"minecraft:tuff":1,"minecraft:golden_chestplate":2,"minecraft:spruce_boat":1,"minecraft:wooden_axe":74,"minecraft:iron_axe":99,"minecraft:birch_sapling":4,"minecraft:iron_helmet":5,"minecraft:iron_boots":4,"minecraft:smooth_basalt":1,"minecraft:sweet_berries":42,"minecraft:oak_sapling":7,"minecraft:furnace":13,"minecraft:egg":2,"minecraft:cooked_beef":22,"minecraft:cobbled_deepslate":39,"minecraft:pointed_dripstone":6,"minecraft:iron_leggings":2,"minecraft:wheat_seeds":85,"minecraft:cooked_mutton":5,"minecraft:diorite":1,"minecraft:leather_leggings":1,"minecraft:stone_pickaxe":769,"minecraft:baked_potato":5,"minecraft:oak_planks":2,"minecraft:cartography_table":1,"minecraft:cauldron":1,"minecraft:sugar_cane":18,"minecraft:wooden_pickaxe":139,"minecraft:diamond_axe":61,"minecraft:oak_leaves":52,"minecraft:golden_apple":1,"minecraft:glow_berries":1,"minecraft:crafting_table":23,"minecraft:white_bed":3,"minecraft:dripstone_block":11,"minecraft:shears":58,"minecraft:oak_log":5,"minecraft:diamond_pickaxe":27,"minecraft:cornflower":1,"minecraft:apple":1,"minecraft:sunflower":2,"minecraft:bread":6,"minecraft:iron_pickaxe":701,"minecraft:leather_helmet":1,"minecraft:gravel":6,"minecraft:spruce_sapling":6,"minecraft:stone_axe":183,"minecraft:purple_bed":1,"minecraft:cobblestone":209,"minecraft:grindstone":1,"minecraft:cooked_porkchop":4,"minecraft:andesite":7,"minecraft:oak_boat":1,"minecraft:coarse_dirt":1,"minecraft:bone_meal":25},"minecraft:broken":{"minecraft:wooden_pickaxe":1,"minecraft:stone_pickaxe":3,"minecraft:iron_axe":1,"minecraft:iron_pickaxe":1,"minecraft:wooden_axe":1,"minecraft:golden_chestplate":1},"minecraft:crafted":{"minecraft:oak_planks":112,"minecraft:raw_iron":9,"minecraft:furnace":7,"minecraft:bone_meal":24,"minecraft:bookshelf":7,"minecraft:cooked_mutton":4,"minecraft:iron_boots":3,"minecraft:iron_axe":2,"minecraft:stone_pickaxe":8,"minecraft:chest":2,"minecraft:spruce_boat":1,"minecraft:cooked_beef":26,"minecraft:emerald":16,"minecraft:cooked_porkchop":2,"minecraft:crafting_table":11,"minecraft:spruce_planks":228,"minecraft:iron_helmet":2,"minecraft:wooden_pickaxe":7,"minecraft:baked_potato":5,"minecraft:birch_planks":36,"minecraft:stone_axe":6,"minecraft:bread":12,"minecraft:oak_boat":1,"minecraft:book":18,"minecraft:iron_chestplate":2,"minecraft:shield":1,"minecraft:stick":84,"minecraft:iron_ingot":78,"minecraft:iron_pickaxe":6,"minecraft:wooden_axe":2,"minecraft:iron_leggings":2,"minecraft:white_bed":1,"minecraft:torch":76}},"DataVersion":3465}