{"stats":{"minecraft:dropped":{"minecraft:wheat_seeds":26,"minecraft:cobblestone":2,"minecraft:sunflower":2,"minecraft:sweet_berries":1,"minecraft:oak_planks":1,"minecraft:wooden_pickaxe":1,"minecraft:stone_pickaxe":1},"minecraft:picked_up":{"minecraft:wooden_axe":3,"minecraft:crafting_table":20,"minecraft:iron_chestplate":4,"minecraft:coarse_dirt":1,"minecraft:wheat":25,"minecraft:clay_ball":24,"minecraft:leather_leggings":3,"minecraft:wooden_pickaxe":6,"minecraft:shield":4,"minecraft:cornflower":1,"minecraft:string":3,"minecraft:moss_carpet":8,"minecraft:raw_copper":12,"minecraft:iron_axe":3,"minecraft:iron_leggings":4,"minecraft:cartography_table":1,"minecraft:cobbled_deepslate":57,"minecraft:spruce_planks":49,"minecraft:beef":64,"minecraft:azalea":2,"minecraft:iron_pickaxe":4,"minecraft:sugar_cane":191,"minecraft:chest":5,"minecraft:furnace":12,"minecraft:egg":1,"minecraft:iron_boots":4,"minecraft:stick":23,"minecraft:raw_iron":63,"minecraft:torch":58,"minecraft:porkchop":7,"minecraft:diorite":3,"minecraft:pointed_dripstone":6,"minecraft:cauldron":1,"minecraft:rotten_flesh":19,"minecraft:arrow":9,"minecraft:tropical_fish":4,"minecraft:beetroot_seeds":3,"minecraft:shears":4,"minecraft:saddle":5,"minecraft:obsidian":12,"minecraft:glow_berries":1,"minecraft:mutton":12,"minecraft:white_wool":9,"minecraft:cobblestone":296,"minecraft:cooked_beef":42,"minecraft:andesite":30,"minecraft:leather":35,"minecraft:potato":10,"minecraft:tuff":1,"minecraft:oak_log":22,"minecraft:gunpowder":13,"minecraft:paper":24,"minecraft:lapis_lazuli":33,"minecraft:dirt":138,"minecraft:cooked_mutton":3,"minecraft:bone":4,"minecraft:kelp":1,"minecraft:bow":2,"minecraft:wheat_seeds":133,"minecraft:grindstone":1,"minecraft:iron_ingot":9,"minecraft:stone_pickaxe":6,"minecraft:moss_block":43,"minecraft:oak_planks":18,"minecraft:cooked_porkchop":3,"minecraft:sweet_berries":102,"minecraft:dripstone_block":21,"minecraft:gravel":12,"minecraft:spruce_sapling":6,"minecraft:white_bed":2,"minecraft:spruce_log":84,"minecraft:spruce_door":4,"minecraft:spider_eye":2,"minecraft:leather_helmet":3,"minecraft:iron_hoe":2,"minecraft:pumpkin_seeds":3,"minecraft:purple_bed":1,"minecraft:diamond":7,"minecraft:stone_axe":5,"minecraft:iron_helmet":4,"minecraft:granite":8,"minecraft:bone_meal":1,"minecraft:golden_apple":1,"minecraft:gray_wool":3,"minecraft:golden_horse_armor":3,"minecraft:emerald":16,"minecraft:oak_sapling":1,"minecraft:oak_leaves":65,"minecraft:coal":909,"minecraft:sunflower":6},"minecraft:mined":{"minecraft:tuff":1,"minecraft:spruce_planks":2,"minecraft:white_bed":2,"minecraft:deepslate_diamond_ore":3,"minecraft:granite":8,"minecraft:grass_block":36,"minecraft:spruce_leaves":39,"minecraft:moss_block":42,"minecraft:cartography_table":1,"minecraft:spawner":1,"minecraft:large_fern":20,"minecraft:tall_seagrass":4,"minecraft:furnace":11,"minecraft:iron_ore":41,"minecraft:cobbled_deepslate":3,"minecraft:andesite":30,"minecraft:moss_carpet":2,"minecraft:deepslate_lapis_ore":3,"minecraft:potatoes":1,"minecraft:pointed_dripstone":5,"minecraft:cave_vines":3,"minecraft:deepslate_iron_ore":21,"minecraft:water_cauldron":1,"minecraft:dirt_path":15,"minecraft:stone":255,"minecraft:podzol":3,"minecraft:glass_pane":1,"minecraft:kelp_plant":1,"minecraft:clay":6,"minecraft:crafting_table":18,"minecraft:cornflower":2,"minecraft:torch":1,"minecraft:chest":3,"minecraft:copper_ore":3,"minecraft:tall_grass":19,"minecraft:cobblestone":24,"minecraft:lapis_ore":2,"minecraft:grindstone":1,"minecraft:sugar_cane":35,"minecraft:diorite":3,"minecraft:wall_torch":4,"minecraft:seagrass":1,"minecraft:purple_bed":1,"minecraft:coarse_dirt":1,"minecraft:wheat":25,"minecraft:sweet_berry_bush":32,"minecraft:spruce_log":82,"minecraft:grass":207,"minecraft:oak_log":22,"minecraft:coal_ore":414,"minecraft:sunflower":2,"minecraft:gravel":5,"minecraft:dripstone_block":20,"minecraft:dirt":63,"minecraft:oak_leaves":69,"minecraft:deepslate":58,"minecraft:fern":65},"minecraft:killed_by":{"minecraft:creeper":2,"minecraft:drowned":1,"minecraft:cave_spider":1,"minecraft:skeleton":4,"minecraft:guardian":1,"minecraft:witch":1,"minecraft:zombie":4},"minecraft:killed":{"minecraft:spider":2,"minecraft:skeleton":1,"minecraft:horse":3,"minecraft:drowned":2,"minecraft:pig":3,"minecraft:creeper":1,"minecraft:sheep":7,"minecraft:zombie":6,"minecraft:donkey":1,"minecraft:cow":19},"minecraft:custom":{"minecraft:mob_kills":49,"minecraft:animals_bred":3,"minecraft:interact_with_crafting_table":49,"minecraft:interact_with_campfire":9,"minecraft:leave_game":14,"minecraft:time_since_death":3630,"minecraft:climb_one_cm":3324,"minecraft:sprint_one_cm":568436,"minecraft:walk_one_cm":731259,"minecraft:damage_blocked_by_shield":2970,"minecraft:drop":32,"minecraft:talked_to_villager":16,"minecraft:play_time":255705,"minecraft:sneak_time":2080,"minecraft:deaths":20,"minecraft:walk_under_water_one_cm":69852,"minecraft:boat_one_cm":91877,"minecraft:jump":4400,"minecraft:walk_on_water_one_cm":71220,"minecraft:total_world_time":255705,"minecraft:interact_with_furnace":61,"minecraft:traded_with_villager":16,"minecraft:sleep_in_bed":6,"minecraft:time_since_rest":2801,"minecraft:damage_taken":8132,"minecraft:damage_absorbed":22,"minecraft:damage_dealt":6690,"minecraft:swim_one_cm":101004,"minecraft:fly_one_cm":514668,"minecraft:open_chest":57,"minecraft:crouch_one_cm":665,"minecraft:fall_one_cm":121912},"minecraft:used":{"minecraft:azalea":2,"minecraft:moss_block":33,"minecraft:tropical_fish":4,"minecraft:chest":5,"minecraft:spruce_planks":9,"minecraft:shield":70,"minecraft:rotten_flesh":1,"minecraft:iron_chestplate":2,"minecraft:torch":35,"minecraft:dirt":118,"minecraft:spruce_boat":1,"minecraft:wooden_axe":74,"minecraft:iron_axe":85,"minecraft:iron_helmet":4,"minecraft:iron_boots":3,"minecraft:sweet_berries":42,"minecraft:oak_sapling":1,"minecraft:furnace":12,"minecraft:egg":1,"minecraft:cooked_beef":14,"minecraft:cobbled_deepslate":30,"minecraft:pointed_dripstone":6,"minecraft:iron_leggings":2,"minecraft:wheat_seeds":60,"minecraft:cooked_mutton":4,"minecraft:leather_leggings":1,"minecraft:stone_pickaxe":661,"minecraft:baked_potato":5,"minecraft:oak_planks":2,"minecraft:cartography_table":1,"minecraft:wooden_pickaxe":139,"minecraft:cauldron":1,"minecraft:sugar_cane":18,"minecraft:oak_leaves":52,"minecraft:golden_apple":1,"minecraft:glow_berries":1,"minecraft:crafting_table":22,"minecraft:white_bed":3,"minecraft:dripstone_block":11,"minecraft:shears":58,"minecraft:oak_log":5,"minecraft:cornflower":1,"minecraft:sunflower":2,"minecraft:bread":6,"minecraft:iron_pickaxe":182,"minecraft:leather_helmet":1,"minecraft:gravel":6,"minecraft:spruce_sapling":6,"minecraft:stone_axe":98,"minecraft:purple_bed":1,"minecraft:cobblestone":121,"minecraft:grindstone":1,"minecraft:cooked_porkchop":4,"minecraft:andesite":6,"minecraft:oak_boat":1,"minecraft:coarse_dirt":1,"minecraft:bone_meal":10},"minecraft:broken":{"minecraft:wooden_pickaxe":1,"minecraft:stone_pickaxe":3,"minecraft:iron_axe":1,"minecraft:wooden_axe":1},"minecraft:crafted":{"minecraft:oak_planks":68,"minecraft:furnace":6,"minecraft:bone_meal":9,"minecraft:cooked_mutton":4,"minecraft:iron_boots":1,"minecraft:iron_axe":1,"minecraft:stone_pickaxe":8,"minecraft:chest":2,"minecraft:spruce_boat":1,"minecraft:cooked_beef":4,"minecraft:emerald":16,"minecraft:cooked_porkchop":2,"minecraft:crafting_table":10,"minecraft:spruce_planks":228,"minecraft:iron_helmet":1,"minecraft:baked_potato":5,"minecraft:wooden_pickaxe":7,"minecraft:stone_axe":5,"minecraft:bread":10,"minecraft:oak_boat":1,"minecraft:iron_chestplate":1,"minecraft:shield":1,"minecraft:stick":72,"minecraft:iron_ingot":40,"minecraft:iron_pickaxe":3,"minecraft:wooden_axe":2,"minecraft:iron_leggings":1,"minecraft:white_bed":1,"minecraft:torch":72}},"DataVersion":3465}