{"stats":{"minecraft:dropped":{"minecraft:sweet_berries":1},"minecraft:picked_up":{"minecraft:crafting_table":5,"minecraft:clay_ball":24,"minecraft:andesite":12,"minecraft:wooden_pickaxe":1,"minecraft:dirt":12,"minecraft:moss_carpet":8,"minecraft:kelp":1,"minecraft:wheat_seeds":4,"minecraft:cobbled_deepslate":21,"minecraft:iron_ingot":1,"minecraft:azalea":2,"minecraft:sugar_cane":26,"minecraft:moss_block":42,"minecraft:furnace":4,"minecraft:stick":2,"minecraft:raw_iron":8,"minecraft:sweet_berries":52,"minecraft:gravel":3,"minecraft:spruce_sapling":5,"minecraft:diorite":2,"minecraft:spruce_log":55,"minecraft:tropical_fish":4,"minecraft:gray_wool":1,"minecraft:glow_berries":1,"minecraft:mutton":4,"minecraft:coal":81,"minecraft:white_wool":1,"minecraft:cobblestone":62},"minecraft:mined":{"minecraft:podzol":3,"minecraft:glass_pane":1,"minecraft:kelp_plant":1,"minecraft:clay":6,"minecraft:crafting_table":5,"minecraft:grass_block":1,"minecraft:tall_grass":3,"minecraft:spruce_leaves":20,"minecraft:sugar_cane":15,"minecraft:moss_block":42,"minecraft:diorite":2,"minecraft:large_fern":1,"minecraft:furnace":4,"minecraft:iron_ore":6,"minecraft:sweet_berry_bush":21,"minecraft:spruce_log":57,"minecraft:andesite":13,"minecraft:moss_carpet":2,"minecraft:grass":17,"minecraft:coal_ore":39,"minecraft:cave_vines":3,"minecraft:deepslate_iron_ore":2,"minecraft:gravel":3,"minecraft:dirt":8,"minecraft:stone":62,"minecraft:deepslate":21,"minecraft:fern":30},"minecraft:killed_by":{"minecraft:skeleton":2,"minecraft:guardian":1,"minecraft:zombie":1},"minecraft:killed":{"minecraft:sheep":2},"minecraft:custom":{"minecraft:interact_with_furnace":14,"minecraft:mob_kills":2,"minecraft:interact_with_crafting_table":7,"minecraft:leave_game":6,"minecraft:time_since_death":4997,"minecraft:climb_one_cm":547,"minecraft:time_since_rest":5034,"minecraft:sprint_one_cm":66052,"minecraft:damage_taken":1195,"minecraft:walk_one_cm":107534,"minecraft:drop":1,"minecraft:damage_dealt":209,"minecraft:swim_one_cm":13497,"minecraft:fly_one_cm":46045,"minecraft:open_chest":4,"minecraft:crouch_one_cm":108,"minecraft:play_time":49774,"minecraft:deaths":4,"minecraft:sneak_time":246,"minecraft:walk_under_water_one_cm":21139,"minecraft:boat_one_cm":77798,"minecraft:jump":557,"minecraft:walk_on_water_one_cm":8711,"minecraft:total_world_time":49774,"minecraft:fall_one_cm":15128},"minecraft:used":{"minecraft:azalea":2,"minecraft:moss_block":32,"minecraft:cooked_mutton":1,"minecraft:tropical_fish":4,"minecraft:stone_pickaxe":131,"minecraft:wooden_pickaxe":11,"minecraft:torch":4,"minecraft:glow_berries":1,"minecraft:dirt":7,"minecraft:crafting_table":6,"minecraft:spruce_boat":1,"minecraft:wooden_axe":61,"minecraft:iron_pickaxe":17,"minecraft:spruce_sapling":5,"minecraft:stone_axe":7,"minecraft:cobblestone":2,"minecraft:sweet_berries":2,"minecraft:furnace":4},"minecraft:crafted":{"minecraft:crafting_table":2,"minecraft:spruce_planks":108,"minecraft:wooden_pickaxe":1,"minecraft:furnace":2,"minecraft:stone_axe":1,"minecraft:bread":4,"minecraft:cooked_mutton":4,"minecraft:stick":20,"minecraft:iron_ingot":5,"minecraft:iron_pickaxe":1,"minecraft:stone_pickaxe":1,"minecraft:wooden_axe":1,"minecraft:spruce_boat":1,"minecraft:torch":32},"minecraft:broken":{"minecraft:stone_pickaxe":1,"minecraft:wooden_axe":1}},"DataVersion":3465}