{"stats":{"minecraft:dropped":{"minecraft:sweet_berries":1},"minecraft:picked_up":{"minecraft:crafting_table":8,"minecraft:clay_ball":24,"minecraft:andesite":28,"minecraft:leather":2,"minecraft:wooden_pickaxe":2,"minecraft:lapis_lazuli":15,"minecraft:cornflower":1,"minecraft:dirt":20,"minecraft:moss_carpet":8,"minecraft:raw_copper":12,"minecraft:kelp":1,"minecraft:wheat_seeds":10,"minecraft:cobbled_deepslate":21,"minecraft:spruce_planks":14,"minecraft:stone_pickaxe":2,"minecraft:beef":4,"minecraft:iron_ingot":1,"minecraft:azalea":2,"minecraft:sugar_cane":27,"minecraft:moss_block":42,"minecraft:furnace":6,"minecraft:stick":2,"minecraft:raw_iron":39,"minecraft:sweet_berries":86,"minecraft:torch":2,"minecraft:dripstone_block":21,"minecraft:gravel":6,"minecraft:spruce_sapling":6,"minecraft:pointed_dripstone":5,"minecraft:diorite":3,"minecraft:spruce_log":76,"minecraft:purple_bed":1,"minecraft:rotten_flesh":1,"minecraft:tropical_fish":4,"minecraft:granite":8,"minecraft:gray_wool":1,"minecraft:glow_berries":1,"minecraft:mutton":4,"minecraft:coal":191,"minecraft:white_wool":1,"minecraft:cobblestone":139},"minecraft:mined":{"minecraft:podzol":3,"minecraft:glass_pane":1,"minecraft:kelp_plant":1,"minecraft:cornflower":2,"minecraft:clay":6,"minecraft:crafting_table":8,"minecraft:granite":8,"minecraft:grass_block":6,"minecraft:copper_ore":3,"minecraft:tall_grass":3,"minecraft:cobblestone":3,"minecraft:lapis_ore":2,"minecraft:spruce_leaves":32,"minecraft:sugar_cane":16,"minecraft:moss_block":42,"minecraft:diorite":3,"minecraft:wall_torch":2,"minecraft:large_fern":2,"minecraft:purple_bed":1,"minecraft:furnace":6,"minecraft:iron_ore":37,"minecraft:sweet_berry_bush":30,"minecraft:spruce_log":78,"minecraft:andesite":30,"minecraft:moss_carpet":2,"minecraft:grass":25,"minecraft:pointed_dripstone":3,"minecraft:coal_ore":103,"minecraft:cave_vines":3,"minecraft:dirt_path":1,"minecraft:deepslate_iron_ore":2,"minecraft:dripstone_block":20,"minecraft:gravel":3,"minecraft:dirt":10,"minecraft:stone":140,"minecraft:deepslate":21,"minecraft:fern":34},"minecraft:killed_by":{"minecraft:skeleton":3,"minecraft:creeper":1,"minecraft:guardian":1,"minecraft:zombie":1},"minecraft:killed":{"minecraft:sheep":2,"minecraft:zombie":1,"minecraft:cow":1},"minecraft:custom":{"minecraft:interact_with_furnace":27,"minecraft:mob_kills":5,"minecraft:interact_with_crafting_table":19,"minecraft:leave_game":6,"minecraft:time_since_death":8590,"minecraft:sleep_in_bed":1,"minecraft:climb_one_cm":1404,"minecraft:time_since_rest":8627,"minecraft:sprint_one_cm":136183,"minecraft:damage_taken":2923,"minecraft:walk_one_cm":217951,"minecraft:drop":1,"minecraft:damage_dealt":429,"minecraft:talked_to_villager":2,"minecraft:swim_one_cm":14514,"minecraft:fly_one_cm":96678,"minecraft:open_chest":9,"minecraft:crouch_one_cm":358,"minecraft:play_time":86144,"minecraft:deaths":9,"minecraft:sneak_time":806,"minecraft:walk_under_water_one_cm":25325,"minecraft:boat_one_cm":77798,"minecraft:jump":1047,"minecraft:walk_on_water_one_cm":24108,"minecraft:total_world_time":86144,"minecraft:fall_one_cm":41428},"minecraft:used":{"minecraft:azalea":2,"minecraft:moss_block":32,"minecraft:cooked_mutton":1,"minecraft:tropical_fish":4,"minecraft:stone_pickaxe":281,"minecraft:chest":1,"minecraft:wooden_pickaxe":60,"minecraft:sugar_cane":1,"minecraft:torch":6,"minecraft:glow_berries":1,"minecraft:dirt":15,"minecraft:crafting_table":11,"minecraft:dripstone_block":11,"minecraft:spruce_boat":1,"minecraft:wooden_axe":61,"minecraft:cornflower":1,"minecraft:iron_axe":1,"minecraft:iron_pickaxe":52,"minecraft:iron_helmet":1,"minecraft:iron_boots":1,"minecraft:spruce_sapling":6,"minecraft:stone_axe":17,"minecraft:cobblestone":28,"minecraft:purple_bed":1,"minecraft:sweet_berries":26,"minecraft:furnace":8,"minecraft:andesite":4,"minecraft:cooked_beef":2,"minecraft:pointed_dripstone":3},"minecraft:broken":{"minecraft:stone_pickaxe":1,"minecraft:wooden_axe":1},"minecraft:crafted":{"minecraft:cooked_beef":4,"minecraft:crafting_table":5,"minecraft:spruce_planks":196,"minecraft:iron_helmet":1,"minecraft:wooden_pickaxe":5,"minecraft:furnace":4,"minecraft:stone_axe":2,"minecraft:bread":4,"minecraft:cooked_mutton":4,"minecraft:shield":1,"minecraft:iron_axe":1,"minecraft:stick":44,"minecraft:iron_ingot":20,"minecraft:iron_pickaxe":2,"minecraft:stone_pickaxe":4,"minecraft:wooden_axe":1,"minecraft:chest":1,"minecraft:spruce_boat":1,"minecraft:torch":44}},"DataVersion":3465}