{"stats":{"minecraft:dropped":{"minecraft:sweet_berries":1},"minecraft:picked_up":{"minecraft:crafting_table":6,"minecraft:clay_ball":24,"minecraft:andesite":12,"minecraft:wooden_pickaxe":1,"minecraft:dirt":14,"minecraft:moss_carpet":8,"minecraft:kelp":1,"minecraft:wheat_seeds":6,"minecraft:cobbled_deepslate":21,"minecraft:iron_ingot":1,"minecraft:azalea":2,"minecraft:sugar_cane":26,"minecraft:moss_block":42,"minecraft:furnace":4,"minecraft:stick":2,"minecraft:raw_iron":8,"minecraft:sweet_berries":59,"minecraft:gravel":3,"minecraft:spruce_sapling":5,"minecraft:diorite":2,"minecraft:spruce_log":63,"minecraft:tropical_fish":4,"minecraft:gray_wool":1,"minecraft:glow_berries":1,"minecraft:mutton":4,"minecraft:coal":81,"minecraft:white_wool":1,"minecraft:cobblestone":70},"minecraft:mined":{"minecraft:podzol":3,"minecraft:glass_pane":1,"minecraft:kelp_plant":1,"minecraft:clay":6,"minecraft:crafting_table":6,"minecraft:grass_block":2,"minecraft:tall_grass":3,"minecraft:spruce_leaves":21,"minecraft:sugar_cane":15,"minecraft:moss_block":42,"minecraft:diorite":2,"minecraft:large_fern":2,"minecraft:furnace":4,"minecraft:iron_ore":6,"minecraft:sweet_berry_bush":24,"minecraft:spruce_log":65,"minecraft:andesite":13,"minecraft:moss_carpet":2,"minecraft:grass":17,"minecraft:coal_ore":39,"minecraft:cave_vines":3,"minecraft:deepslate_iron_ore":2,"minecraft:gravel":3,"minecraft:dirt":9,"minecraft:stone":70,"minecraft:deepslate":21,"minecraft:fern":32},"minecraft:killed_by":{"minecraft:skeleton":2,"minecraft:guardian":1,"minecraft:zombie":1},"minecraft:killed":{"minecraft:sheep":2},"minecraft:custom":{"minecraft:interact_with_furnace":14,"minecraft:mob_kills":2,"minecraft:interact_with_crafting_table":10,"minecraft:leave_game":6,"minecraft:time_since_death":11367,"minecraft:climb_one_cm":865,"minecraft:time_since_rest":11404,"minecraft:sprint_one_cm":81314,"minecraft:damage_taken":1205,"minecraft:walk_one_cm":126910,"minecraft:drop":1,"minecraft:damage_dealt":209,"minecraft:talked_to_villager":1,"minecraft:swim_one_cm":13497,"minecraft:fly_one_cm":57513,"minecraft:open_chest":8,"minecraft:crouch_one_cm":108,"minecraft:play_time":56144,"minecraft:deaths":4,"minecraft:sneak_time":246,"minecraft:walk_under_water_one_cm":21139,"minecraft:boat_one_cm":77798,"minecraft:jump":625,"minecraft:walk_on_water_one_cm":8711,"minecraft:total_world_time":56144,"minecraft:fall_one_cm":17942},"minecraft:used":{"minecraft:azalea":2,"minecraft:moss_block":32,"minecraft:cooked_mutton":1,"minecraft:tropical_fish":4,"minecraft:stone_pickaxe":131,"minecraft:chest":1,"minecraft:wooden_pickaxe":19,"minecraft:torch":4,"minecraft:glow_berries":1,"minecraft:dirt":8,"minecraft:crafting_table":7,"minecraft:spruce_boat":1,"minecraft:wooden_axe":61,"minecraft:iron_pickaxe":17,"minecraft:iron_boots":1,"minecraft:spruce_sapling":5,"minecraft:stone_axe":12,"minecraft:cobblestone":2,"minecraft:sweet_berries":9,"minecraft:furnace":4},"minecraft:crafted":{"minecraft:crafting_table":3,"minecraft:spruce_planks":144,"minecraft:wooden_pickaxe":2,"minecraft:furnace":2,"minecraft:stone_axe":2,"minecraft:bread":4,"minecraft:cooked_mutton":4,"minecraft:stick":28,"minecraft:iron_ingot":5,"minecraft:iron_pickaxe":1,"minecraft:stone_pickaxe":2,"minecraft:wooden_axe":1,"minecraft:chest":1,"minecraft:spruce_boat":1,"minecraft:torch":32},"minecraft:broken":{"minecraft:stone_pickaxe":1,"minecraft:wooden_axe":1}},"DataVersion":3465}