{"stats":{"minecraft:dropped":{"minecraft:wheat_seeds":13,"minecraft:sweet_berries":1,"minecraft:stone_pickaxe":1},"minecraft:picked_up":{"minecraft:wooden_axe":3,"minecraft:iron_chestplate":2,"minecraft:crafting_table":16,"minecraft:coarse_dirt":1,"minecraft:wheat":18,"minecraft:clay_ball":24,"minecraft:leather_leggings":3,"minecraft:wooden_pickaxe":6,"minecraft:shield":2,"minecraft:cornflower":1,"minecraft:string":3,"minecraft:iron_axe":2,"minecraft:moss_carpet":8,"minecraft:raw_copper":12,"minecraft:iron_leggings":2,"minecraft:cartography_table":1,"minecraft:cobbled_deepslate":57,"minecraft:spruce_planks":49,"minecraft:beef":4,"minecraft:azalea":2,"minecraft:iron_pickaxe":2,"minecraft:sugar_cane":191,"minecraft:chest":5,"minecraft:iron_boots":2,"minecraft:furnace":11,"minecraft:stick":17,"minecraft:raw_iron":63,"minecraft:torch":38,"minecraft:porkchop":3,"minecraft:diorite":3,"minecraft:pointed_dripstone":6,"minecraft:cauldron":1,"minecraft:rotten_flesh":17,"minecraft:arrow":7,"minecraft:tropical_fish":4,"minecraft:beetroot_seeds":3,"minecraft:shears":2,"minecraft:saddle":5,"minecraft:mutton":10,"minecraft:glow_berries":1,"minecraft:obsidian":12,"minecraft:white_wool":8,"minecraft:cobblestone":271,"minecraft:cooked_beef":34,"minecraft:andesite":30,"minecraft:leather":2,"minecraft:potato":10,"minecraft:tuff":1,"minecraft:oak_log":5,"minecraft:gunpowder":13,"minecraft:dirt":119,"minecraft:lapis_lazuli":33,"minecraft:paper":24,"minecraft:cooked_mutton":3,"minecraft:bone":2,"minecraft:kelp":1,"minecraft:wheat_seeds":95,"minecraft:stone_pickaxe":6,"minecraft:grindstone":1,"minecraft:iron_ingot":1,"minecraft:moss_block":43,"minecraft:oak_planks":4,"minecraft:cooked_porkchop":3,"minecraft:sweet_berries":102,"minecraft:gravel":12,"minecraft:dripstone_block":21,"minecraft:spruce_sapling":6,"minecraft:white_bed":2,"minecraft:spruce_log":84,"minecraft:spruce_door":4,"minecraft:spider_eye":2,"minecraft:leather_helmet":3,"minecraft:pumpkin_seeds":3,"minecraft:purple_bed":1,"minecraft:diamond":7,"minecraft:stone_axe":4,"minecraft:iron_helmet":2,"minecraft:granite":8,"minecraft:bone_meal":1,"minecraft:golden_apple":1,"minecraft:gray_wool":3,"minecraft:golden_horse_armor":3,"minecraft:emerald":16,"minecraft:oak_sapling":1,"minecraft:oak_leaves":65,"minecraft:coal":786},"minecraft:mined":{"minecraft:tuff":1,"minecraft:spruce_planks":2,"minecraft:white_bed":2,"minecraft:deepslate_diamond_ore":3,"minecraft:granite":8,"minecraft:grass_block":30,"minecraft:spruce_leaves":39,"minecraft:cartography_table":1,"minecraft:moss_block":42,"minecraft:spawner":1,"minecraft:large_fern":20,"minecraft:tall_seagrass":3,"minecraft:furnace":10,"minecraft:iron_ore":41,"minecraft:cobbled_deepslate":3,"minecraft:andesite":30,"minecraft:moss_carpet":2,"minecraft:deepslate_lapis_ore":3,"minecraft:pointed_dripstone":5,"minecraft:potatoes":1,"minecraft:cave_vines":3,"minecraft:deepslate_iron_ore":21,"minecraft:water_cauldron":1,"minecraft:dirt_path":15,"minecraft:stone":232,"minecraft:podzol":3,"minecraft:glass_pane":1,"minecraft:kelp_plant":1,"minecraft:torch":1,"minecraft:clay":6,"minecraft:crafting_table":15,"minecraft:cornflower":2,"minecraft:chest":3,"minecraft:tall_grass":5,"minecraft:copper_ore":3,"minecraft:cobblestone":23,"minecraft:lapis_ore":2,"minecraft:grindstone":1,"minecraft:sugar_cane":35,"minecraft:diorite":3,"minecraft:wall_torch":3,"minecraft:seagrass":1,"minecraft:purple_bed":1,"minecraft:coarse_dirt":1,"minecraft:wheat":18,"minecraft:sweet_berry_bush":32,"minecraft:spruce_log":82,"minecraft:grass":68,"minecraft:oak_log":5,"minecraft:coal_ore":376,"minecraft:gravel":5,"minecraft:dripstone_block":20,"minecraft:dirt":50,"minecraft:oak_leaves":68,"minecraft:deepslate":58,"minecraft:fern":65},"minecraft:killed_by":{"minecraft:creeper":2,"minecraft:drowned":1,"minecraft:cave_spider":1,"minecraft:skeleton":4,"minecraft:guardian":1,"minecraft:zombie":3},"minecraft:killed":{"minecraft:spider":2,"minecraft:drowned":2,"minecraft:pig":1,"minecraft:creeper":1,"minecraft:sheep":6,"minecraft:zombie":6,"minecraft:cow":1},"minecraft:custom":{"minecraft:mob_kills":21,"minecraft:interact_with_crafting_table":39,"minecraft:interact_with_campfire":9,"minecraft:leave_game":10,"minecraft:time_since_death":589,"minecraft:climb_one_cm":3324,"minecraft:sprint_one_cm":431091,"minecraft:walk_one_cm":624750,"minecraft:damage_blocked_by_shield":2580,"minecraft:drop":15,"minecraft:talked_to_villager":16,"minecraft:play_time":207275,"minecraft:deaths":17,"minecraft:sneak_time":1866,"minecraft:walk_under_water_one_cm":63885,"minecraft:boat_one_cm":77798,"minecraft:jump":3100,"minecraft:walk_on_water_one_cm":58635,"minecraft:total_world_time":207275,"minecraft:interact_with_furnace":56,"minecraft:traded_with_villager":16,"minecraft:sleep_in_bed":3,"minecraft:time_since_rest":629,"minecraft:damage_taken":6519,"minecraft:damage_absorbed":22,"minecraft:damage_dealt":2906,"minecraft:swim_one_cm":96018,"minecraft:fly_one_cm":260320,"minecraft:open_chest":27,"minecraft:crouch_one_cm":658,"minecraft:fall_one_cm":80994},"minecraft:used":{"minecraft:azalea":2,"minecraft:moss_block":33,"minecraft:tropical_fish":4,"minecraft:chest":4,"minecraft:spruce_planks":9,"minecraft:shield":63,"minecraft:rotten_flesh":1,"minecraft:iron_chestplate":2,"minecraft:torch":24,"minecraft:dirt":114,"minecraft:spruce_boat":1,"minecraft:wooden_axe":74,"minecraft:iron_axe":35,"minecraft:iron_helmet":3,"minecraft:iron_boots":3,"minecraft:sweet_berries":42,"minecraft:oak_sapling":1,"minecraft:furnace":10,"minecraft:cooked_beef":6,"minecraft:cobbled_deepslate":30,"minecraft:pointed_dripstone":6,"minecraft:iron_leggings":2,"minecraft:wheat_seeds":53,"minecraft:cooked_mutton":4,"minecraft:leather_leggings":1,"minecraft:stone_pickaxe":656,"minecraft:baked_potato":5,"minecraft:cartography_table":1,"minecraft:wooden_pickaxe":137,"minecraft:cauldron":1,"minecraft:sugar_cane":18,"minecraft:oak_leaves":51,"minecraft:golden_apple":1,"minecraft:glow_berries":1,"minecraft:crafting_table":18,"minecraft:white_bed":3,"minecraft:dripstone_block":11,"minecraft:shears":58,"minecraft:oak_log":5,"minecraft:cornflower":1,"minecraft:bread":6,"minecraft:iron_pickaxe":120,"minecraft:leather_helmet":1,"minecraft:gravel":6,"minecraft:spruce_sapling":6,"minecraft:stone_axe":33,"minecraft:cobblestone":112,"minecraft:purple_bed":1,"minecraft:grindstone":1,"minecraft:cooked_porkchop":2,"minecraft:andesite":6,"minecraft:coarse_dirt":1,"minecraft:bone_meal":1},"minecraft:broken":{"minecraft:wooden_pickaxe":1,"minecraft:stone_pickaxe":3,"minecraft:wooden_axe":1},"minecraft:crafted":{"minecraft:furnace":5,"minecraft:cooked_mutton":4,"minecraft:iron_boots":1,"minecraft:iron_axe":1,"minecraft:stone_pickaxe":7,"minecraft:chest":1,"minecraft:spruce_boat":1,"minecraft:cooked_beef":4,"minecraft:emerald":16,"minecraft:crafting_table":7,"minecraft:spruce_planks":228,"minecraft:wooden_pickaxe":6,"minecraft:baked_potato":5,"minecraft:iron_helmet":1,"minecraft:stone_axe":3,"minecraft:bread":10,"minecraft:iron_chestplate":1,"minecraft:shield":1,"minecraft:stick":56,"minecraft:iron_ingot":40,"minecraft:iron_pickaxe":3,"minecraft:wooden_axe":2,"minecraft:iron_leggings":1,"minecraft:white_bed":1,"minecraft:torch":48}},"DataVersion":3465}