{"stats":{"minecraft:dropped":{"minecraft:iron_ingot":2,"minecraft:wheat_seeds":48,"minecraft:oak_log":63,"minecraft:diamond":20,"minecraft:cobblestone":2,"minecraft:diorite":11,"minecraft:sunflower":2,"minecraft:iron_pickaxe":2,"minecraft:birch_log":15,"minecraft:stone_axe":1,"minecraft:sweet_berries":1,"minecraft:oak_planks":1,"minecraft:iron_chestplate":1,"minecraft:stone_pickaxe":1,"minecraft:wooden_pickaxe":1,"minecraft:egg":1},"minecraft:picked_up":{"minecraft:wooden_axe":3,"minecraft:iron_chestplate":7,"minecraft:coarse_dirt":1,"minecraft:crafting_table":23,"minecraft:wheat":63,"minecraft:clay_ball":24,"minecraft:leather_leggings":3,"minecraft:wooden_pickaxe":6,"minecraft:shield":6,"minecraft:amethyst_block":15,"minecraft:cornflower":1,"minecraft:oak_trapdoor":70,"minecraft:string":5,"minecraft:moss_carpet":8,"minecraft:raw_copper":12,"minecraft:iron_axe":4,"minecraft:iron_leggings":6,"minecraft:iron_shovel":1,"minecraft:cartography_table":1,"minecraft:cobbled_deepslate":632,"minecraft:spruce_planks":49,"minecraft:beef":104,"minecraft:calcite":13,"minecraft:azalea":2,"minecraft:iron_pickaxe":10,"minecraft:sugar_cane":340,"minecraft:chest":5,"minecraft:birch_sapling":4,"minecraft:furnace":14,"minecraft:iron_boots":6,"minecraft:egg":5,"minecraft:stick":46,"minecraft:raw_iron":246,"minecraft:birch_trapdoor":28,"minecraft:torch":87,"minecraft:porkchop":7,"minecraft:pointed_dripstone":6,"minecraft:diorite":26,"minecraft:redstone":15,"minecraft:golden_chestplate":2,"minecraft:cauldron":1,"minecraft:arrow":14,"minecraft:rotten_flesh":23,"minecraft:tropical_fish":4,"minecraft:beetroot_seeds":3,"minecraft:shears":4,"minecraft:saddle":5,"minecraft:glow_berries":1,"minecraft:obsidian":12,"minecraft:mutton":12,"minecraft:white_wool":9,"minecraft:cobblestone":514,"minecraft:birch_log":40,"minecraft:cooked_beef":55,"minecraft:water_bucket":1,"minecraft:andesite":33,"minecraft:leather":60,"minecraft:potato":10,"minecraft:birch_planks":4,"minecraft:tuff":132,"minecraft:oak_log":128,"minecraft:gunpowder":14,"minecraft:lapis_lazuli":53,"minecraft:dirt":260,"minecraft:paper":24,"minecraft:cooked_mutton":9,"minecraft:bone":7,"minecraft:apple":4,"minecraft:kelp":1,"minecraft:bow":2,"minecraft:wheat_seeds":290,"minecraft:raw_gold":15,"minecraft:cobbled_deepslate_slab":16,"minecraft:grindstone":1,"minecraft:iron_ingot":11,"minecraft:stone_pickaxe":6,"minecraft:moss_block":43,"minecraft:oak_planks":22,"minecraft:smooth_basalt":24,"minecraft:cooked_porkchop":3,"minecraft:sweet_berries":102,"minecraft:dripstone_block":21,"minecraft:raw_iron_block":4,"minecraft:gravel":12,"minecraft:sand":1,"minecraft:amethyst_shard":6,"minecraft:spruce_sapling":6,"minecraft:white_bed":2,"minecraft:spruce_log":90,"minecraft:spruce_door":4,"minecraft:spider_eye":2,"minecraft:leather_helmet":4,"minecraft:iron_hoe":3,"minecraft:pumpkin_seeds":3,"minecraft:purple_bed":1,"minecraft:diamond":17,"minecraft:stone_axe":12,"minecraft:iron_helmet":7,"minecraft:granite":9,"minecraft:diamond_axe":2,"minecraft:bone_meal":1,"minecraft:golden_apple":1,"minecraft:gray_wool":3,"minecraft:golden_horse_armor":3,"minecraft:emerald":16,"minecraft:oak_sapling":7,"minecraft:coal":974,"minecraft:oak_leaves":65,"minecraft:sunflower":6,"minecraft:diamond_pickaxe":2},"minecraft:mined":{"minecraft:tuff":160,"minecraft:spruce_planks":2,"minecraft:white_bed":2,"minecraft:deepslate_diamond_ore":13,"minecraft:budding_amethyst":2,"minecraft:granite":9,"minecraft:grass_block":38,"minecraft:spruce_leaves":39,"minecraft:moss_block":42,"minecraft:cartography_table":1,"minecraft:spawner":1,"minecraft:large_fern":20,"minecraft:tall_seagrass":5,"minecraft:raw_iron_block":4,"minecraft:furnace":13,"minecraft:iron_ore":63,"minecraft:cobbled_deepslate":3,"minecraft:andesite":33,"minecraft:moss_carpet":2,"minecraft:deepslate_lapis_ore":6,"minecraft:potatoes":1,"minecraft:dirt_path":15,"minecraft:pointed_dripstone":5,"minecraft:water_cauldron":1,"minecraft:cave_vines":3,"minecraft:deepslate_iron_ore":123,"minecraft:stone":390,"minecraft:podzol":3,"minecraft:deepslate_redstone_ore":3,"minecraft:glass_pane":1,"minecraft:kelp_plant":1,"minecraft:clay":6,"minecraft:cornflower":2,"minecraft:torch":7,"minecraft:crafting_table":21,"minecraft:calcite":21,"minecraft:chest":3,"minecraft:copper_ore":3,"minecraft:tall_grass":55,"minecraft:cobblestone":36,"minecraft:deepslate_gold_ore":13,"minecraft:lapis_ore":2,"minecraft:grindstone":1,"minecraft:sugar_cane":90,"minecraft:diorite":16,"minecraft:wall_torch":7,"minecraft:amethyst_block":18,"minecraft:seagrass":2,"minecraft:purple_bed":1,"minecraft:coarse_dirt":1,"minecraft:birch_log":6,"minecraft:wheat":61,"minecraft:sweet_berry_bush":32,"minecraft:spruce_log":82,"minecraft:grass":403,"minecraft:oak_log":90,"minecraft:coal_ore":454,"minecraft:gravel":5,"minecraft:dirt":64,"minecraft:sunflower":2,"minecraft:dripstone_block":20,"minecraft:smooth_basalt":30,"minecraft:oak_leaves":77,"minecraft:deepslate":647,"minecraft:fern":65},"minecraft:killed_by":{"minecraft:creeper":2,"minecraft:drowned":2,"minecraft:cave_spider":1,"minecraft:skeleton":8,"minecraft:guardian":1,"minecraft:witch":1,"minecraft:zombie":6},"minecraft:killed":{"minecraft:spider":3,"minecraft:skeleton":2,"minecraft:horse":3,"minecraft:drowned":2,"minecraft:pig":3,"minecraft:zombie_villager":1,"minecraft:creeper":1,"minecraft:sheep":7,"minecraft:zombie":9,"minecraft:donkey":1,"minecraft:cow":38},"minecraft:custom":{"minecraft:mob_kills":75,"minecraft:animals_bred":12,"minecraft:interact_with_crafting_table":77,"minecraft:interact_with_campfire":9,"minecraft:leave_game":25,"minecraft:time_since_death":4473,"minecraft:climb_one_cm":3324,"minecraft:sprint_one_cm":737475,"minecraft:walk_one_cm":1064153,"minecraft:damage_blocked_by_shield":3840,"minecraft:drop":84,"minecraft:talked_to_villager":16,"minecraft:play_time":374459,"minecraft:sneak_time":2857,"minecraft:deaths":28,"minecraft:walk_under_water_one_cm":86875,"minecraft:boat_one_cm":91877,"minecraft:jump":6267,"minecraft:walk_on_water_one_cm":84356,"minecraft:total_world_time":374459,"minecraft:interact_with_furnace":100,"minecraft:traded_with_villager":16,"minecraft:sleep_in_bed":6,"minecraft:time_since_rest":4512,"minecraft:damage_taken":11447,"minecraft:damage_absorbed":22,"minecraft:damage_dealt":10041,"minecraft:swim_one_cm":134229,"minecraft:fly_one_cm":810436,"minecraft:open_chest":97,"minecraft:crouch_one_cm":1168,"minecraft:fall_one_cm":165710},"minecraft:used":{"minecraft:azalea":2,"minecraft:moss_block":33,"minecraft:tropical_fish":4,"minecraft:chest":5,"minecraft:spruce_planks":9,"minecraft:shield":79,"minecraft:rotten_flesh":3,"minecraft:iron_chestplate":4,"minecraft:torch":45,"minecraft:dirt":154,"minecraft:golden_chestplate":2,"minecraft:tuff":19,"minecraft:granite":1,"minecraft:spruce_boat":1,"minecraft:iron_hoe":91,"minecraft:wooden_axe":74,"minecraft:iron_axe":124,"minecraft:birch_sapling":4,"minecraft:iron_helmet":6,"minecraft:iron_boots":5,"minecraft:smooth_basalt":9,"minecraft:sweet_berries":42,"minecraft:oak_sapling":7,"minecraft:furnace":17,"minecraft:egg":5,"minecraft:cooked_beef":26,"minecraft:cobbled_deepslate":141,"minecraft:pointed_dripstone":6,"minecraft:iron_leggings":3,"minecraft:wheat_seeds":139,"minecraft:cooked_mutton":5,"minecraft:diorite":12,"minecraft:leather_leggings":1,"minecraft:stone_pickaxe":769,"minecraft:baked_potato":5,"minecraft:oak_planks":2,"minecraft:cartography_table":1,"minecraft:cauldron":1,"minecraft:sugar_cane":18,"minecraft:wooden_pickaxe":139,"minecraft:diamond_axe":61,"minecraft:oak_leaves":52,"minecraft:golden_apple":1,"minecraft:glow_berries":1,"minecraft:crafting_table":26,"minecraft:white_bed":3,"minecraft:dripstone_block":11,"minecraft:shears":58,"minecraft:oak_log":5,"minecraft:cornflower":1,"minecraft:diamond_pickaxe":27,"minecraft:apple":1,"minecraft:sunflower":2,"minecraft:bread":6,"minecraft:iron_pickaxe":1235,"minecraft:leather_helmet":1,"minecraft:gravel":6,"minecraft:spruce_sapling":6,"minecraft:stone_axe":183,"minecraft:purple_bed":1,"minecraft:cobblestone":250,"minecraft:grindstone":1,"minecraft:cooked_porkchop":4,"minecraft:andesite":9,"minecraft:oak_boat":1,"minecraft:coarse_dirt":1,"minecraft:bone_meal":25},"minecraft:broken":{"minecraft:wooden_pickaxe":1,"minecraft:stone_pickaxe":3,"minecraft:iron_axe":1,"minecraft:iron_pickaxe":4,"minecraft:wooden_axe":1,"minecraft:golden_chestplate":1},"minecraft:crafted":{"minecraft:oak_planks":132,"minecraft:raw_iron":36,"minecraft:furnace":9,"minecraft:bone_meal":24,"minecraft:bookshelf":9,"minecraft:cooked_mutton":4,"minecraft:iron_boots":3,"minecraft:iron_axe":2,"minecraft:iron_hoe":1,"minecraft:stone_pickaxe":8,"minecraft:chest":2,"minecraft:spruce_boat":1,"minecraft:cooked_beef":26,"minecraft:emerald":16,"minecraft:cooked_porkchop":2,"minecraft:crafting_table":12,"minecraft:spruce_planks":228,"minecraft:iron_helmet":2,"minecraft:wooden_pickaxe":7,"minecraft:baked_potato":5,"minecraft:birch_planks":36,"minecraft:stone_axe":6,"minecraft:bread":12,"minecraft:oak_boat":1,"minecraft:iron_chestplate":2,"minecraft:book":25,"minecraft:shield":1,"minecraft:stick":92,"minecraft:iron_ingot":201,"minecraft:iron_pickaxe":9,"minecraft:wooden_axe":2,"minecraft:iron_leggings":2,"minecraft:white_bed":1,"minecraft:torch":76}},"DataVersion":3465}