{"stats":{"minecraft:dropped":{"minecraft:sweet_berries":1},"minecraft:picked_up":{"minecraft:stick":2,"minecraft:spruce_sapling":1,"minecraft:sweet_berries":34,"minecraft:spruce_log":3,"minecraft:sugar_cane":6,"minecraft:wheat_seeds":1},"minecraft:mined":{"minecraft:sweet_berry_bush":14,"minecraft:spruce_log":3,"minecraft:sugar_cane":4,"minecraft:fern":6},"minecraft:custom":{"minecraft:jump":41,"minecraft:time_since_rest":2160,"minecraft:walk_on_water_one_cm":212,"minecraft:walk_one_cm":8984,"minecraft:leave_game":2,"minecraft:play_time":2160,"minecraft:sprint_one_cm":6115,"minecraft:time_since_death":2160,"minecraft:total_world_time":2160,"minecraft:drop":1,"minecraft:fly_one_cm":5277,"minecraft:fall_one_cm":687},"minecraft:used":{"minecraft:spruce_sapling":1}},"DataVersion":3465}