{"stats":{"minecraft:dropped":{"minecraft:sweet_berries":1},"minecraft:picked_up":{"minecraft:crafting_table":7,"minecraft:clay_ball":24,"minecraft:andesite":20,"minecraft:leather":2,"minecraft:wooden_pickaxe":1,"minecraft:dirt":19,"minecraft:moss_carpet":8,"minecraft:kelp":1,"minecraft:wheat_seeds":8,"minecraft:cobbled_deepslate":21,"minecraft:beef":4,"minecraft:iron_ingot":1,"minecraft:azalea":2,"minecraft:sugar_cane":27,"minecraft:moss_block":42,"minecraft:furnace":4,"minecraft:stick":2,"minecraft:raw_iron":15,"minecraft:sweet_berries":59,"minecraft:dripstone_block":4,"minecraft:gravel":3,"minecraft:spruce_sapling":5,"minecraft:diorite":3,"minecraft:spruce_log":63,"minecraft:purple_bed":1,"minecraft:rotten_flesh":1,"minecraft:tropical_fish":4,"minecraft:granite":5,"minecraft:gray_wool":1,"minecraft:glow_berries":1,"minecraft:mutton":4,"minecraft:coal":132,"minecraft:white_wool":1,"minecraft:cobblestone":107},"minecraft:mined":{"minecraft:podzol":3,"minecraft:glass_pane":1,"minecraft:kelp_plant":1,"minecraft:clay":6,"minecraft:crafting_table":7,"minecraft:granite":5,"minecraft:grass_block":5,"minecraft:tall_grass":3,"minecraft:cobblestone":3,"minecraft:spruce_leaves":22,"minecraft:sugar_cane":16,"minecraft:moss_block":42,"minecraft:diorite":3,"minecraft:large_fern":2,"minecraft:purple_bed":1,"minecraft:furnace":4,"minecraft:iron_ore":13,"minecraft:sweet_berry_bush":24,"minecraft:spruce_log":65,"minecraft:andesite":23,"minecraft:moss_carpet":2,"minecraft:grass":18,"minecraft:coal_ore":91,"minecraft:cave_vines":3,"minecraft:dirt_path":1,"minecraft:deepslate_iron_ore":2,"minecraft:dripstone_block":4,"minecraft:gravel":3,"minecraft:dirt":10,"minecraft:stone":108,"minecraft:deepslate":21,"minecraft:fern":34},"minecraft:killed_by":{"minecraft:skeleton":3,"minecraft:guardian":1,"minecraft:zombie":1},"minecraft:killed":{"minecraft:sheep":2,"minecraft:zombie":1,"minecraft:cow":1},"minecraft:custom":{"minecraft:interact_with_furnace":16,"minecraft:mob_kills":5,"minecraft:interact_with_crafting_table":11,"minecraft:leave_game":6,"minecraft:time_since_death":4088,"minecraft:sleep_in_bed":1,"minecraft:climb_one_cm":1404,"minecraft:time_since_rest":207,"minecraft:sprint_one_cm":102573,"minecraft:damage_taken":1493,"minecraft:walk_one_cm":159311,"minecraft:drop":1,"minecraft:damage_dealt":409,"minecraft:talked_to_villager":2,"minecraft:swim_one_cm":14514,"minecraft:fly_one_cm":76916,"minecraft:open_chest":9,"minecraft:crouch_one_cm":135,"minecraft:play_time":68144,"minecraft:deaths":5,"minecraft:sneak_time":381,"minecraft:walk_under_water_one_cm":23975,"minecraft:boat_one_cm":77798,"minecraft:jump":862,"minecraft:walk_on_water_one_cm":13318,"minecraft:total_world_time":68144,"minecraft:fall_one_cm":23458},"minecraft:used":{"minecraft:azalea":2,"minecraft:moss_block":32,"minecraft:cooked_mutton":1,"minecraft:tropical_fish":4,"minecraft:stone_pickaxe":245,"minecraft:chest":1,"minecraft:wooden_pickaxe":27,"minecraft:sugar_cane":1,"minecraft:torch":5,"minecraft:glow_berries":1,"minecraft:dirt":14,"minecraft:crafting_table":8,"minecraft:spruce_boat":1,"minecraft:wooden_axe":61,"minecraft:iron_pickaxe":17,"minecraft:iron_boots":1,"minecraft:spruce_sapling":5,"minecraft:stone_axe":17,"minecraft:cobblestone":24,"minecraft:sweet_berries":14,"minecraft:furnace":6},"minecraft:crafted":{"minecraft:crafting_table":3,"minecraft:spruce_planks":144,"minecraft:wooden_pickaxe":2,"minecraft:furnace":4,"minecraft:stone_axe":2,"minecraft:bread":4,"minecraft:cooked_mutton":4,"minecraft:stick":28,"minecraft:iron_ingot":5,"minecraft:iron_pickaxe":1,"minecraft:stone_pickaxe":2,"minecraft:wooden_axe":1,"minecraft:chest":1,"minecraft:spruce_boat":1,"minecraft:torch":40},"minecraft:broken":{"minecraft:stone_pickaxe":1,"minecraft:wooden_axe":1}},"DataVersion":3465}