{"stats":{"minecraft:dropped":{"minecraft:sweet_berries":1},"minecraft:picked_up":{"minecraft:crafting_table":4,"minecraft:clay_ball":24,"minecraft:andesite":12,"minecraft:wooden_pickaxe":1,"minecraft:dirt":7,"minecraft:moss_carpet":8,"minecraft:wheat_seeds":3,"minecraft:cobbled_deepslate":21,"minecraft:iron_ingot":1,"minecraft:azalea":2,"minecraft:sugar_cane":6,"minecraft:moss_block":42,"minecraft:furnace":4,"minecraft:stick":2,"minecraft:raw_iron":8,"minecraft:sweet_berries":34,"minecraft:gravel":3,"minecraft:spruce_sapling":4,"minecraft:diorite":2,"minecraft:spruce_log":44,"minecraft:tropical_fish":4,"minecraft:gray_wool":1,"minecraft:glow_berries":1,"minecraft:mutton":4,"minecraft:coal":81,"minecraft:white_wool":1,"minecraft:cobblestone":62},"minecraft:mined":{"minecraft:podzol":2,"minecraft:clay":6,"minecraft:crafting_table":4,"minecraft:tall_grass":3,"minecraft:spruce_leaves":14,"minecraft:sugar_cane":4,"minecraft:moss_block":42,"minecraft:diorite":2,"minecraft:furnace":4,"minecraft:iron_ore":6,"minecraft:sweet_berry_bush":14,"minecraft:spruce_log":44,"minecraft:andesite":13,"minecraft:moss_carpet":2,"minecraft:grass":13,"minecraft:coal_ore":39,"minecraft:cave_vines":3,"minecraft:deepslate_iron_ore":2,"minecraft:gravel":3,"minecraft:dirt":5,"minecraft:stone":62,"minecraft:deepslate":21,"minecraft:fern":10},"minecraft:killed_by":{"minecraft:zombie":1},"minecraft:killed":{"minecraft:sheep":2},"minecraft:custom":{"minecraft:interact_with_furnace":14,"minecraft:mob_kills":2,"minecraft:interact_with_crafting_table":5,"minecraft:leave_game":4,"minecraft:time_since_death":29234,"minecraft:time_since_rest":29264,"minecraft:sprint_one_cm":40742,"minecraft:damage_taken":390,"minecraft:walk_one_cm":68932,"minecraft:drop":1,"minecraft:damage_dealt":209,"minecraft:swim_one_cm":3101,"minecraft:fly_one_cm":23633,"minecraft:crouch_one_cm":29,"minecraft:play_time":32169,"minecraft:deaths":1,"minecraft:sneak_time":22,"minecraft:walk_under_water_one_cm":843,"minecraft:jump":295,"minecraft:walk_on_water_one_cm":4647,"minecraft:total_world_time":32169,"minecraft:fall_one_cm":8449},"minecraft:used":{"minecraft:azalea":2,"minecraft:moss_block":32,"minecraft:cooked_mutton":1,"minecraft:tropical_fish":4,"minecraft:stone_pickaxe":131,"minecraft:wooden_pickaxe":11,"minecraft:torch":4,"minecraft:glow_berries":1,"minecraft:dirt":2,"minecraft:crafting_table":4,"minecraft:wooden_axe":61,"minecraft:iron_pickaxe":17,"minecraft:spruce_sapling":4,"minecraft:stone_axe":7,"minecraft:cobblestone":2,"minecraft:furnace":4},"minecraft:crafted":{"minecraft:crafting_table":1,"minecraft:spruce_planks":76,"minecraft:wooden_pickaxe":1,"minecraft:furnace":2,"minecraft:stone_axe":1,"minecraft:cooked_mutton":4,"minecraft:stick":20,"minecraft:iron_ingot":5,"minecraft:iron_pickaxe":1,"minecraft:stone_pickaxe":1,"minecraft:wooden_axe":1,"minecraft:torch":32},"minecraft:broken":{"minecraft:stone_pickaxe":1,"minecraft:wooden_axe":1}},"DataVersion":3465}