{"stats":{"minecraft:crafted":{"minecraft:furnace":4,"minecraft:cooked_mutton":4,"minecraft:iron_boots":1,"minecraft:iron_axe":1,"minecraft:stone_pickaxe":5,"minecraft:chest":1,"minecraft:spruce_boat":1,"minecraft:cooked_beef":4,"minecraft:crafting_table":7,"minecraft:spruce_planks":228,"minecraft:wooden_pickaxe":6,"minecraft:iron_helmet":1,"minecraft:stone_axe":3,"minecraft:bread":9,"minecraft:iron_chestplate":1,"minecraft:shield":1,"minecraft:stick":48,"minecraft:iron_ingot":36,"minecraft:iron_pickaxe":2,"minecraft:wooden_axe":2,"minecraft:iron_leggings":1,"minecraft:white_bed":1,"minecraft:torch":48},"minecraft:killed":{"minecraft:spider":2,"minecraft:sheep":6,"minecraft:zombie":2,"minecraft:cow":1},"minecraft:killed_by":{"minecraft:creeper":2,"minecraft:drowned":1,"minecraft:cave_spider":1,"minecraft:skeleton":3,"minecraft:guardian":1,"minecraft:zombie":1},"minecraft:dropped":{"minecraft:wheat_seeds":11,"minecraft:sweet_berries":1},"minecraft:mined":{"minecraft:tuff":1,"minecraft:spruce_planks":2,"minecraft:white_bed":2,"minecraft:deepslate_diamond_ore":3,"minecraft:granite":8,"minecraft:grass_block":22,"minecraft:spruce_leaves":36,"minecraft:moss_block":42,"minecraft:large_fern":18,"minecraft:furnace":8,"minecraft:iron_ore":37,"minecraft:cobbled_deepslate":3,"minecraft:andesite":30,"minecraft:moss_carpet":2,"minecraft:deepslate_lapis_ore":3,"minecraft:potatoes":1,"minecraft:pointed_dripstone":5,"minecraft:cave_vines":3,"minecraft:deepslate_iron_ore":21,"minecraft:dirt_path":15,"minecraft:stone":173,"minecraft:podzol":3,"minecraft:glass_pane":1,"minecraft:kelp_plant":1,"minecraft:crafting_table":12,"minecraft:clay":6,"minecraft:cornflower":2,"minecraft:chest":1,"minecraft:tall_grass":3,"minecraft:copper_ore":3,"minecraft:cobblestone":14,"minecraft:lapis_ore":2,"minecraft:sugar_cane":33,"minecraft:diorite":3,"minecraft:wall_torch":3,"minecraft:purple_bed":1,"minecraft:coarse_dirt":1,"minecraft:wheat":18,"minecraft:sweet_berry_bush":30,"minecraft:spruce_log":82,"minecraft:grass":53,"minecraft:coal_ore":162,"minecraft:dripstone_block":20,"minecraft:gravel":5,"minecraft:dirt":46,"minecraft:oak_leaves":4,"minecraft:deepslate":58,"minecraft:fern":56},"minecraft:broken":{"minecraft:wooden_pickaxe":1,"minecraft:stone_pickaxe":1,"minecraft:wooden_axe":1},"minecraft:picked_up":{"minecraft:coarse_dirt":1,"minecraft:crafting_table":12,"minecraft:wheat":17,"minecraft:clay_ball":24,"minecraft:leather_leggings":2,"minecraft:wooden_pickaxe":3,"minecraft:cornflower":1,"minecraft:string":3,"minecraft:moss_carpet":8,"minecraft:raw_copper":12,"minecraft:cobbled_deepslate":57,"minecraft:spruce_planks":26,"minecraft:beef":4,"minecraft:azalea":2,"minecraft:sugar_cane":108,"minecraft:chest":3,"minecraft:furnace":8,"minecraft:stick":10,"minecraft:raw_iron":58,"minecraft:torch":4,"minecraft:pointed_dripstone":6,"minecraft:diorite":3,"minecraft:rotten_flesh":3,"minecraft:arrow":1,"minecraft:tropical_fish":4,"minecraft:mutton":10,"minecraft:glow_berries":1,"minecraft:obsidian":6,"minecraft:cobblestone":181,"minecraft:white_wool":7,"minecraft:andesite":30,"minecraft:leather":2,"minecraft:potato":10,"minecraft:tuff":1,"minecraft:dirt":107,"minecraft:lapis_lazuli":33,"minecraft:paper":12,"minecraft:cooked_mutton":3,"minecraft:kelp":1,"minecraft:wheat_seeds":82,"minecraft:stone_pickaxe":3,"minecraft:iron_ingot":1,"minecraft:moss_block":43,"minecraft:sweet_berries":86,"minecraft:gravel":12,"minecraft:dripstone_block":21,"minecraft:spruce_sapling":6,"minecraft:white_bed":2,"minecraft:spruce_log":84,"minecraft:spider_eye":2,"minecraft:leather_helmet":2,"minecraft:purple_bed":1,"minecraft:diamond":5,"minecraft:stone_axe":1,"minecraft:granite":8,"minecraft:bone_meal":1,"minecraft:gray_wool":1,"minecraft:coal":302},"minecraft:custom":{"minecraft:mob_kills":13,"minecraft:interact_with_crafting_table":30,"minecraft:interact_with_campfire":6,"minecraft:leave_game":8,"minecraft:time_since_death":16228,"minecraft:climb_one_cm":1710,"minecraft:sprint_one_cm":278746,"minecraft:walk_one_cm":435158,"minecraft:damage_blocked_by_shield":2040,"minecraft:drop":12,"minecraft:talked_to_villager":6,"minecraft:play_time":142896,"minecraft:deaths":12,"minecraft:sneak_time":1605,"minecraft:walk_under_water_one_cm":44169,"minecraft:boat_one_cm":77798,"minecraft:jump":2055,"minecraft:walk_on_water_one_cm":36944,"minecraft:total_world_time":142896,"minecraft:interact_with_furnace":42,"minecraft:sleep_in_bed":1,"minecraft:time_since_rest":16257,"minecraft:damage_taken":4319,"minecraft:damage_absorbed":22,"minecraft:damage_dealt":1742,"minecraft:swim_one_cm":41898,"minecraft:fly_one_cm":178972,"minecraft:open_chest":10,"minecraft:crouch_one_cm":430,"minecraft:fall_one_cm":60347},"minecraft:used":{"minecraft:azalea":2,"minecraft:moss_block":33,"minecraft:tropical_fish":4,"minecraft:spruce_planks":4,"minecraft:chest":4,"minecraft:shield":51,"minecraft:iron_chestplate":1,"minecraft:torch":12,"minecraft:dirt":102,"minecraft:spruce_boat":1,"minecraft:wooden_axe":70,"minecraft:iron_axe":8,"minecraft:iron_helmet":1,"minecraft:iron_boots":2,"minecraft:sweet_berries":26,"minecraft:furnace":8,"minecraft:cooked_beef":4,"minecraft:cobbled_deepslate":30,"minecraft:iron_leggings":1,"minecraft:pointed_dripstone":6,"minecraft:wheat_seeds":53,"minecraft:cooked_mutton":4,"minecraft:leather_leggings":1,"minecraft:stone_pickaxe":378,"minecraft:wooden_pickaxe":125,"minecraft:sugar_cane":18,"minecraft:golden_apple":1,"minecraft:glow_berries":1,"minecraft:crafting_table":15,"minecraft:white_bed":3,"minecraft:dripstone_block":11,"minecraft:cornflower":1,"minecraft:bread":5,"minecraft:iron_pickaxe":116,"minecraft:leather_helmet":1,"minecraft:gravel":6,"minecraft:spruce_sapling":6,"minecraft:stone_axe":25,"minecraft:cobblestone":50,"minecraft:purple_bed":1,"minecraft:andesite":6,"minecraft:coarse_dirt":1,"minecraft:bone_meal":1}},"DataVersion":3465}