{"stats":{"minecraft:dropped":{"minecraft:sweet_berries":1},"minecraft:picked_up":{"minecraft:stick":2,"minecraft:crafting_table":1,"minecraft:sweet_berries":34,"minecraft:wheat_seeds":1,"minecraft:spruce_sapling":3,"minecraft:spruce_log":38,"minecraft:sugar_cane":6},"minecraft:mined":{"minecraft:grass":3,"minecraft:sweet_berry_bush":14,"minecraft:spruce_leaves":14,"minecraft:spruce_log":38,"minecraft:sugar_cane":4,"minecraft:crafting_table":1,"minecraft:fern":8},"minecraft:killed_by":{"minecraft:zombie":1},"minecraft:custom":{"minecraft:time_since_rest":8973,"minecraft:sprint_one_cm":7928,"minecraft:play_time":11878,"minecraft:deaths":1,"minecraft:damage_taken":300,"minecraft:walk_one_cm":18820,"minecraft:drop":1,"minecraft:jump":78,"minecraft:damage_dealt":49,"minecraft:leave_game":2,"minecraft:walk_on_water_one_cm":212,"minecraft:time_since_death":8943,"minecraft:total_world_time":11878,"minecraft:interact_with_crafting_table":2,"minecraft:fall_one_cm":2413,"minecraft:fly_one_cm":7534},"minecraft:used":{"minecraft:wooden_axe":41,"minecraft:crafting_table":1,"minecraft:spruce_sapling":1},"minecraft:crafted":{"minecraft:crafting_table":1,"minecraft:spruce_planks":12,"minecraft:stick":4,"minecraft:wooden_pickaxe":1,"minecraft:wooden_axe":1}},"DataVersion":3465}