{"stats":{"minecraft:dropped":{"minecraft:sweet_berries":1},"minecraft:picked_up":{"minecraft:stick":2,"minecraft:crafting_table":2,"minecraft:clay_ball":24,"minecraft:sweet_berries":34,"minecraft:spruce_sapling":4,"minecraft:spruce_log":44,"minecraft:moss_carpet":8,"minecraft:dirt":3,"minecraft:tropical_fish":4,"minecraft:wheat_seeds":3,"minecraft:gray_wool":1,"minecraft:azalea":2,"minecraft:moss_block":38,"minecraft:sugar_cane":6,"minecraft:glow_berries":1,"minecraft:mutton":4,"minecraft:coal":17,"minecraft:white_wool":1,"minecraft:cobblestone":10},"minecraft:mined":{"minecraft:podzol":1,"minecraft:sweet_berry_bush":14,"minecraft:spruce_log":44,"minecraft:andesite":1,"minecraft:moss_carpet":2,"minecraft:clay":6,"minecraft:crafting_table":2,"minecraft:grass":13,"minecraft:coal_ore":17,"minecraft:cave_vines":3,"minecraft:dirt":2,"minecraft:tall_grass":3,"minecraft:spruce_leaves":14,"minecraft:stone":10,"minecraft:moss_block":38,"minecraft:sugar_cane":4,"minecraft:fern":9},"minecraft:killed_by":{"minecraft:zombie":1},"minecraft:killed":{"minecraft:sheep":2},"minecraft:custom":{"minecraft:time_since_rest":20973,"minecraft:sprint_one_cm":35518,"minecraft:damage_taken":350,"minecraft:walk_one_cm":61356,"minecraft:mob_kills":2,"minecraft:drop":1,"minecraft:damage_dealt":209,"minecraft:swim_one_cm":3101,"minecraft:interact_with_crafting_table":3,"minecraft:fly_one_cm":21980,"minecraft:crouch_one_cm":29,"minecraft:play_time":23878,"minecraft:deaths":1,"minecraft:sneak_time":22,"minecraft:walk_under_water_one_cm":843,"minecraft:jump":286,"minecraft:time_since_death":20943,"minecraft:leave_game":2,"minecraft:walk_on_water_one_cm":4647,"minecraft:total_world_time":23878,"minecraft:fall_one_cm":7276},"minecraft:used":{"minecraft:azalea":2,"minecraft:moss_block":32,"minecraft:wooden_axe":61,"minecraft:tropical_fish":4,"minecraft:stone_pickaxe":23,"minecraft:wooden_pickaxe":8,"minecraft:spruce_sapling":4,"minecraft:stone_axe":4,"minecraft:torch":2,"minecraft:dirt":2,"minecraft:cobblestone":2,"minecraft:crafting_table":2},"minecraft:crafted":{"minecraft:crafting_table":1,"minecraft:spruce_planks":76,"minecraft:stick":16,"minecraft:wooden_pickaxe":1,"minecraft:stone_pickaxe":1,"minecraft:wooden_axe":1,"minecraft:torch":32,"minecraft:stone_axe":1},"minecraft:broken":{"minecraft:wooden_axe":1}},"DataVersion":3465}