{"stats":{"minecraft:dropped":{"minecraft:wheat_seeds":3,"minecraft:sweet_berries":1},"minecraft:picked_up":{"minecraft:crafting_table":9,"minecraft:coarse_dirt":1,"minecraft:clay_ball":24,"minecraft:leather_leggings":1,"minecraft:wooden_pickaxe":3,"minecraft:cornflower":1,"minecraft:string":3,"minecraft:moss_carpet":8,"minecraft:raw_copper":12,"minecraft:cobbled_deepslate":57,"minecraft:spruce_planks":19,"minecraft:beef":4,"minecraft:azalea":2,"minecraft:sugar_cane":78,"minecraft:chest":3,"minecraft:furnace":8,"minecraft:stick":8,"minecraft:raw_iron":58,"minecraft:torch":2,"minecraft:pointed_dripstone":6,"minecraft:diorite":3,"minecraft:rotten_flesh":1,"minecraft:arrow":1,"minecraft:tropical_fish":4,"minecraft:mutton":4,"minecraft:glow_berries":1,"minecraft:obsidian":6,"minecraft:cobblestone":143,"minecraft:white_wool":1,"minecraft:andesite":30,"minecraft:leather":2,"minecraft:tuff":1,"minecraft:lapis_lazuli":33,"minecraft:dirt":33,"minecraft:paper":6,"minecraft:kelp":1,"minecraft:wheat_seeds":17,"minecraft:stone_pickaxe":2,"minecraft:iron_ingot":1,"minecraft:moss_block":43,"minecraft:sweet_berries":86,"minecraft:dripstone_block":21,"minecraft:gravel":10,"minecraft:spruce_sapling":6,"minecraft:spruce_log":76,"minecraft:spider_eye":2,"minecraft:leather_helmet":1,"minecraft:purple_bed":1,"minecraft:diamond":5,"minecraft:granite":8,"minecraft:gray_wool":1,"minecraft:coal":245},"minecraft:mined":{"minecraft:tuff":1,"minecraft:deepslate_diamond_ore":3,"minecraft:granite":8,"minecraft:grass_block":6,"minecraft:spruce_leaves":32,"minecraft:moss_block":42,"minecraft:large_fern":5,"minecraft:furnace":8,"minecraft:iron_ore":37,"minecraft:cobbled_deepslate":3,"minecraft:andesite":30,"minecraft:moss_carpet":2,"minecraft:deepslate_lapis_ore":3,"minecraft:pointed_dripstone":5,"minecraft:cave_vines":3,"minecraft:deepslate_iron_ore":21,"minecraft:dirt_path":1,"minecraft:stone":140,"minecraft:podzol":3,"minecraft:glass_pane":1,"minecraft:kelp_plant":1,"minecraft:cornflower":2,"minecraft:crafting_table":9,"minecraft:clay":6,"minecraft:chest":1,"minecraft:tall_grass":3,"minecraft:copper_ore":3,"minecraft:cobblestone":7,"minecraft:lapis_ore":2,"minecraft:sugar_cane":16,"minecraft:diorite":3,"minecraft:wall_torch":2,"minecraft:purple_bed":1,"minecraft:coarse_dirt":1,"minecraft:sweet_berry_bush":30,"minecraft:spruce_log":78,"minecraft:grass":29,"minecraft:coal_ore":103,"minecraft:dripstone_block":20,"minecraft:gravel":3,"minecraft:dirt":16,"minecraft:deepslate":58,"minecraft:fern":40},"minecraft:killed_by":{"minecraft:creeper":1,"minecraft:cave_spider":1,"minecraft:skeleton":3,"minecraft:guardian":1,"minecraft:zombie":1},"minecraft:killed":{"minecraft:spider":2,"minecraft:sheep":2,"minecraft:zombie":1,"minecraft:cow":1},"minecraft:custom":{"minecraft:mob_kills":7,"minecraft:interact_with_crafting_table":23,"minecraft:leave_game":8,"minecraft:time_since_death":5536,"minecraft:climb_one_cm":1404,"minecraft:sprint_one_cm":179266,"minecraft:walk_one_cm":286471,"minecraft:damage_blocked_by_shield":2040,"minecraft:drop":4,"minecraft:talked_to_villager":3,"minecraft:play_time":104623,"minecraft:deaths":10,"minecraft:sneak_time":1053,"minecraft:walk_under_water_one_cm":30801,"minecraft:boat_one_cm":77798,"minecraft:jump":1325,"minecraft:walk_on_water_one_cm":25841,"minecraft:total_world_time":104623,"minecraft:interact_with_furnace":42,"minecraft:sleep_in_bed":1,"minecraft:time_since_rest":5575,"minecraft:damage_taken":3319,"minecraft:damage_absorbed":22,"minecraft:damage_dealt":968,"minecraft:swim_one_cm":21882,"minecraft:fly_one_cm":119588,"minecraft:open_chest":10,"minecraft:crouch_one_cm":358,"minecraft:fall_one_cm":48517},"minecraft:used":{"minecraft:azalea":2,"minecraft:moss_block":32,"minecraft:tropical_fish":4,"minecraft:chest":4,"minecraft:shield":51,"minecraft:iron_chestplate":1,"minecraft:torch":9,"minecraft:dirt":19,"minecraft:spruce_boat":1,"minecraft:wooden_axe":61,"minecraft:iron_axe":8,"minecraft:iron_helmet":1,"minecraft:iron_boots":2,"minecraft:sweet_berries":26,"minecraft:furnace":8,"minecraft:cooked_beef":4,"minecraft:cobbled_deepslate":30,"minecraft:iron_leggings":1,"minecraft:pointed_dripstone":6,"minecraft:cooked_mutton":1,"minecraft:leather_leggings":1,"minecraft:stone_pickaxe":288,"minecraft:wooden_pickaxe":68,"minecraft:sugar_cane":1,"minecraft:golden_apple":1,"minecraft:glow_berries":1,"minecraft:crafting_table":11,"minecraft:dripstone_block":11,"minecraft:cornflower":1,"minecraft:iron_pickaxe":116,"minecraft:spruce_sapling":6,"minecraft:stone_axe":17,"minecraft:cobblestone":41,"minecraft:purple_bed":1,"minecraft:andesite":4,"minecraft:coarse_dirt":1},"minecraft:broken":{"minecraft:stone_pickaxe":1,"minecraft:wooden_axe":1},"minecraft:crafted":{"minecraft:furnace":4,"minecraft:cooked_mutton":4,"minecraft:iron_boots":1,"minecraft:iron_axe":1,"minecraft:stone_pickaxe":4,"minecraft:chest":1,"minecraft:spruce_boat":1,"minecraft:cooked_beef":4,"minecraft:crafting_table":5,"minecraft:spruce_planks":196,"minecraft:iron_helmet":1,"minecraft:wooden_pickaxe":5,"minecraft:stone_axe":2,"minecraft:bread":4,"minecraft:iron_chestplate":1,"minecraft:shield":1,"minecraft:stick":44,"minecraft:iron_ingot":36,"minecraft:iron_pickaxe":2,"minecraft:wooden_axe":1,"minecraft:iron_leggings":1,"minecraft:torch":44}},"DataVersion":3465}