{"stats":{"minecraft:dropped":{"minecraft:iron_pickaxe":2},"minecraft:picked_up":{"minecraft:iron_pickaxe":2,"minecraft:dirt":1},"minecraft:mined":{"minecraft:dirt":1},"minecraft:custom":{"minecraft:jump":32,"minecraft:time_since_rest":24175,"minecraft:deaths":1,"minecraft:crouch_one_cm":1489,"minecraft:walk_on_water_one_cm":2464,"minecraft:sprint_one_cm":1354,"minecraft:play_time":46041,"minecraft:damage_taken":250,"minecraft:time_since_death":24137,"minecraft:walk_one_cm":3790,"minecraft:sneak_time":2101,"minecraft:total_world_time":46041,"minecraft:walk_under_water_one_cm":10775,"minecraft:drop":2,"minecraft:swim_one_cm":8267,"minecraft:fall_one_cm":691,"minecraft:fly_one_cm":361908}},"DataVersion":3465}