{"stats":{"minecraft:dropped":{"minecraft:iron_pickaxe":2},"minecraft:picked_up":{"minecraft:iron_pickaxe":2,"minecraft:dirt":1},"minecraft:mined":{"minecraft:dirt":1},"minecraft:custom":{"minecraft:jump":32,"minecraft:time_since_rest":175,"minecraft:deaths":1,"minecraft:crouch_one_cm":1489,"minecraft:walk_on_water_one_cm":241,"minecraft:sprint_one_cm":1354,"minecraft:play_time":22041,"minecraft:damage_taken":250,"minecraft:time_since_death":137,"minecraft:walk_one_cm":3790,"minecraft:sneak_time":1732,"minecraft:total_world_time":22041,"minecraft:walk_under_water_one_cm":1817,"minecraft:drop":2,"minecraft:swim_one_cm":8267,"minecraft:fall_one_cm":691,"minecraft:fly_one_cm":283486}},"DataVersion":3465}