{"stats":{"minecraft:picked_up":{"minecraft:crafting_table":4,"minecraft:wheat":5,"minecraft:sweet_berries":23,"minecraft:torch":1,"minecraft:spruce_log":6,"minecraft:dirt":13,"minecraft:rotten_flesh":1,"minecraft:wheat_seeds":12,"minecraft:mutton":5,"minecraft:coal":47,"minecraft:white_wool":3,"minecraft:cobblestone":75,"minecraft:furnace":1},"minecraft:mined":{"minecraft:furnace":1,"minecraft:wheat":5,"minecraft:sweet_berry_bush":9,"minecraft:spruce_log":6,"minecraft:crafting_table":4,"minecraft:grass_block":5,"minecraft:coal_ore":47,"minecraft:dirt":8,"minecraft:cobblestone":10,"minecraft:stone":65,"minecraft:wall_torch":1},"minecraft:killed":{"minecraft:sheep":3,"minecraft:drowned":1},"minecraft:custom":{"minecraft:time_since_rest":50506,"minecraft:interact_with_furnace":2,"minecraft:sprint_one_cm":76720,"minecraft:damage_taken":590,"minecraft:walk_one_cm":59885,"minecraft:mob_kills":4,"minecraft:damage_dealt":531,"minecraft:interact_with_crafting_table":5,"minecraft:swim_one_cm":66382,"minecraft:fly_one_cm":58146,"minecraft:open_chest":2,"minecraft:crouch_one_cm":1738,"minecraft:play_time":50506,"minecraft:sneak_time":1136,"minecraft:walk_under_water_one_cm":8547,"minecraft:jump":590,"minecraft:time_since_death":50506,"minecraft:walk_on_water_one_cm":30274,"minecraft:total_world_time":50506,"minecraft:fall_one_cm":14856},"minecraft:used":{"minecraft:cooked_mutton":4,"minecraft:bread":1,"minecraft:stone_pickaxe":91,"minecraft:spruce_planks":1,"minecraft:wooden_pickaxe":39,"minecraft:rotten_flesh":1,"minecraft:stone_axe":15,"minecraft:torch":2,"minecraft:dirt":12,"minecraft:cobblestone":34,"minecraft:crafting_table":4,"minecraft:sweet_berries":23,"minecraft:furnace":1},"minecraft:crafted":{"minecraft:crafting_table":1,"minecraft:spruce_planks":12,"minecraft:stick":8,"minecraft:wooden_pickaxe":1,"minecraft:stone_pickaxe":1,"minecraft:furnace":1,"minecraft:torch":4,"minecraft:stone_axe":1,"minecraft:air":0,"minecraft:cooked_mutton":4,"minecraft:bread":1}},"DataVersion":3465}