{"stats":{"minecraft:dropped":{"minecraft:wheat_seeds":32,"minecraft:spruce_sapling":1},"minecraft:picked_up":{"minecraft:crafting_table":6,"minecraft:wheat":5,"minecraft:dirt":15,"minecraft:wheat_seeds":32,"minecraft:furnace":2,"minecraft:raw_iron":54,"minecraft:sweet_berries":34,"minecraft:torch":1,"minecraft:spruce_sapling":1,"minecraft:diorite":7,"minecraft:white_bed":1,"minecraft:spruce_log":9,"minecraft:spruce_door":15,"minecraft:rotten_flesh":1,"minecraft:granite":8,"minecraft:mutton":5,"minecraft:coal":47,"minecraft:white_wool":3,"minecraft:cobblestone":141},"minecraft:mined":{"minecraft:white_bed":1,"minecraft:spruce_door":14,"minecraft:crafting_table":6,"minecraft:granite":8,"minecraft:grass_block":5,"minecraft:cobblestone":10,"minecraft:spruce_leaves":5,"minecraft:diorite":7,"minecraft:wall_torch":1,"minecraft:furnace":2,"minecraft:iron_ore":54,"minecraft:wheat":5,"minecraft:sweet_berry_bush":9,"minecraft:spruce_log":10,"minecraft:coal_ore":47,"minecraft:dirt":10,"minecraft:stone":132},"minecraft:killed":{"minecraft:sheep":3,"minecraft:zombie":1,"minecraft:drowned":1},"minecraft:custom":{"minecraft:interact_with_furnace":6,"minecraft:mob_kills":5,"minecraft:interact_with_crafting_table":10,"minecraft:time_since_death":74506,"minecraft:sleep_in_bed":1,"minecraft:time_since_rest":17059,"minecraft:sprint_one_cm":91505,"minecraft:damage_taken":807,"minecraft:walk_one_cm":89946,"minecraft:drop":22,"minecraft:damage_dealt":732,"minecraft:swim_one_cm":146712,"minecraft:fly_one_cm":72812,"minecraft:open_chest":3,"minecraft:crouch_one_cm":2197,"minecraft:play_time":74506,"minecraft:sneak_time":2066,"minecraft:walk_under_water_one_cm":33703,"minecraft:jump":761,"minecraft:walk_on_water_one_cm":40014,"minecraft:total_world_time":74506,"minecraft:fall_one_cm":17874},"minecraft:used":{"minecraft:cooked_mutton":4,"minecraft:diorite":7,"minecraft:spruce_door":16,"minecraft:stone_pickaxe":231,"minecraft:spruce_planks":1,"minecraft:wooden_pickaxe":39,"minecraft:rotten_flesh":1,"minecraft:torch":5,"minecraft:dirt":13,"minecraft:crafting_table":6,"minecraft:white_bed":1,"minecraft:bread":2,"minecraft:stone_axe":40,"minecraft:cobblestone":72,"minecraft:sweet_berries":34,"minecraft:furnace":2},"minecraft:crafted":{"minecraft:crafting_table":1,"minecraft:spruce_planks":36,"minecraft:wooden_pickaxe":1,"minecraft:baked_potato":2,"minecraft:spruce_door":3,"minecraft:furnace":1,"minecraft:stone_axe":1,"minecraft:bread":4,"minecraft:cooked_mutton":5,"minecraft:air":0,"minecraft:iron_boots":1,"minecraft:iron_chestplate":1,"minecraft:iron_axe":1,"minecraft:stick":20,"minecraft:iron_ingot":1,"minecraft:iron_pickaxe":1,"minecraft:stone_pickaxe":2,"minecraft:white_bed":1,"minecraft:torch":16},"minecraft:broken":{"minecraft:stone_pickaxe":1}},"DataVersion":3465}