{"stats":{"minecraft:picked_up":{"minecraft:crafting_table":4,"minecraft:wheat":5,"minecraft:sweet_berries":23,"minecraft:torch":1,"minecraft:spruce_log":6,"minecraft:dirt":11,"minecraft:rotten_flesh":1,"minecraft:wheat_seeds":12,"minecraft:mutton":4,"minecraft:coal":2,"minecraft:white_wool":2,"minecraft:cobblestone":38,"minecraft:furnace":1},"minecraft:mined":{"minecraft:furnace":1,"minecraft:wheat":5,"minecraft:sweet_berry_bush":9,"minecraft:spruce_log":6,"minecraft:crafting_table":4,"minecraft:grass_block":3,"minecraft:coal_ore":2,"minecraft:dirt":8,"minecraft:cobblestone":5,"minecraft:stone":33,"minecraft:wall_torch":1},"minecraft:killed":{"minecraft:sheep":2,"minecraft:drowned":1},"minecraft:custom":{"minecraft:time_since_rest":38506,"minecraft:interact_with_furnace":2,"minecraft:sprint_one_cm":45994,"minecraft:damage_taken":430,"minecraft:walk_one_cm":36793,"minecraft:mob_kills":3,"minecraft:damage_dealt":451,"minecraft:interact_with_crafting_table":5,"minecraft:swim_one_cm":47497,"minecraft:fly_one_cm":32538,"minecraft:open_chest":1,"minecraft:crouch_one_cm":441,"minecraft:play_time":38506,"minecraft:sneak_time":325,"minecraft:walk_under_water_one_cm":5248,"minecraft:jump":345,"minecraft:time_since_death":38506,"minecraft:walk_on_water_one_cm":22869,"minecraft:total_world_time":38506,"minecraft:fall_one_cm":9508},"minecraft:used":{"minecraft:cooked_mutton":1,"minecraft:bread":1,"minecraft:stone_pickaxe":9,"minecraft:spruce_planks":1,"minecraft:wooden_pickaxe":39,"minecraft:rotten_flesh":1,"minecraft:stone_axe":14,"minecraft:torch":1,"minecraft:dirt":11,"minecraft:cobblestone":9,"minecraft:crafting_table":4,"minecraft:sweet_berries":23,"minecraft:furnace":1},"minecraft:crafted":{"minecraft:crafting_table":1,"minecraft:spruce_planks":12,"minecraft:stick":8,"minecraft:wooden_pickaxe":1,"minecraft:stone_pickaxe":1,"minecraft:furnace":1,"minecraft:torch":4,"minecraft:stone_axe":1,"minecraft:air":0,"minecraft:cooked_mutton":4,"minecraft:bread":1}},"DataVersion":3465}