{"stats":{"minecraft:picked_up":{"minecraft:crafting_table":2,"minecraft:wheat":5,"minecraft:sweet_berries":23,"minecraft:spruce_log":6,"minecraft:dirt":5,"minecraft:wheat_seeds":12,"minecraft:mutton":4,"minecraft:white_wool":2,"minecraft:cobblestone":29},"minecraft:mined":{"minecraft:wheat":5,"minecraft:sweet_berry_bush":9,"minecraft:spruce_log":6,"minecraft:crafting_table":2,"minecraft:grass_block":1,"minecraft:dirt":4,"minecraft:cobblestone":5,"minecraft:stone":25},"minecraft:killed":{"minecraft:sheep":2},"minecraft:custom":{"minecraft:time_since_rest":26506,"minecraft:sprint_one_cm":39331,"minecraft:damage_taken":120,"minecraft:walk_one_cm":32834,"minecraft:mob_kills":2,"minecraft:damage_dealt":160,"minecraft:interact_with_crafting_table":3,"minecraft:swim_one_cm":10817,"minecraft:fly_one_cm":28221,"minecraft:open_chest":1,"minecraft:crouch_one_cm":108,"minecraft:play_time":26506,"minecraft:sneak_time":39,"minecraft:walk_under_water_one_cm":952,"minecraft:jump":294,"minecraft:time_since_death":26506,"minecraft:walk_on_water_one_cm":6268,"minecraft:total_world_time":26506,"minecraft:fall_one_cm":8082},"minecraft:used":{"minecraft:stone_pickaxe":7,"minecraft:wooden_pickaxe":28,"minecraft:stone_axe":9,"minecraft:dirt":4,"minecraft:crafting_table":2,"minecraft:sweet_berries":6},"minecraft:crafted":{"minecraft:crafting_table":1,"minecraft:spruce_planks":12,"minecraft:stick":8,"minecraft:wooden_pickaxe":1,"minecraft:stone_pickaxe":1,"minecraft:stone_axe":1}},"DataVersion":3465}